trial,testing,parameters,initial_deadline,final_deadline,net_reward,actions,success
1,False,"{'a': 0.99, 'e': 0.99}",20,0,-57.13507389363329,"{0: 16, 1: 1, 2: 1, 3: 1, 4: 1}",0
2,False,"{'a': 0.9801, 'e': 0.9801}",20,0,-109.41068724029601,"{0: 10, 1: 0, 2: 8, 3: 2, 4: 0}",0
3,False,"{'a': 0.970299, 'e': 0.970299}",25,0,-103.66062055751922,"{0: 15, 1: 2, 2: 7, 3: 0, 4: 1}",0
4,False,"{'a': 0.96059601, 'e': 0.96059601}",25,0,-280.7793846524476,"{0: 11, 1: 2, 2: 6, 3: 1, 4: 5}",0
5,False,"{'a': 0.9509900498999999, 'e': 0.9509900498999999}",20,0,-94.18559349643525,"{0: 15, 1: 1, 2: 2, 3: 0, 4: 2}",0
6,False,"{'a': 0.941480149401, 'e': 0.941480149401}",20,15,0.28350251322212916,"{0: 4, 1: 0, 2: 1, 3: 0, 4: 0}",1
7,False,"{'a': 0.9320653479069899, 'e': 0.9320653479069899}",30,0,-96.09063254775366,"{0: 24, 1: 0, 2: 4, 3: 0, 4: 2}",0
8,False,"{'a': 0.9227446944279201, 'e': 0.9227446944279201}",30,1,-51.00392645800112,"{0: 19, 1: 3, 2: 7, 3: 0, 4: 0}",1
9,False,"{'a': 0.9135172474836408, 'e': 0.9135172474836408}",20,0,-42.13833164692349,"{0: 17, 1: 1, 2: 0, 3: 1, 4: 1}",0
10,False,"{'a': 0.9043820750088044, 'e': 0.9043820750088044}",20,0,-218.25338814829885,"{0: 7, 1: 1, 2: 8, 3: 1, 4: 3}",0
11,False,"{'a': 0.8953382542587164, 'e': 0.8953382542587164}",25,13,-84.62584730840068,"{0: 8, 1: 1, 2: 1, 3: 0, 4: 2}",1
12,False,"{'a': 0.8863848717161292, 'e': 0.8863848717161292}",25,0,-171.04714565678591,"{0: 13, 1: 3, 2: 5, 3: 2, 4: 2}",0
13,False,"{'a': 0.8775210229989678, 'e': 0.8775210229989678}",25,0,-47.85582886016327,"{0: 17, 1: 2, 2: 6, 3: 0, 4: 0}",0
14,False,"{'a': 0.8687458127689782, 'e': 0.8687458127689782}",30,0,-202.69471227241198,"{0: 18, 1: 0, 2: 8, 3: 1, 4: 3}",0
15,False,"{'a': 0.8600583546412884, 'e': 0.8600583546412884}",20,0,-54.419985815253305,"{0: 11, 1: 5, 2: 4, 3: 0, 4: 0}",0
16,False,"{'a': 0.8514577710948755, 'e': 0.8514577710948755}",20,0,-112.46835337012281,"{0: 10, 1: 5, 2: 2, 3: 2, 4: 1}",0
17,False,"{'a': 0.8429431933839268, 'e': 0.8429431933839268}",20,0,-53.25308987296954,"{0: 12, 1: 4, 2: 3, 3: 1, 4: 0}",0
18,False,"{'a': 0.8345137614500875, 'e': 0.8345137614500875}",25,0,-280.683879275549,"{0: 11, 1: 2, 2: 5, 3: 2, 4: 5}",0
19,False,"{'a': 0.8261686238355866, 'e': 0.8261686238355866}",20,0,-85.53366879251811,"{0: 13, 1: 2, 2: 3, 3: 1, 4: 1}",0
20,False,"{'a': 0.8179069375972308, 'e': 0.8179069375972308}",25,0,-125.82489538814774,"{0: 18, 1: 3, 2: 1, 3: 0, 4: 3}",0
21,False,"{'a': 0.8097278682212584, 'e': 0.8097278682212584}",20,0,-78.33187557296932,"{0: 13, 1: 3, 2: 2, 3: 1, 4: 1}",0
22,False,"{'a': 0.8016305895390459, 'e': 0.8016305895390459}",25,0,-36.69896019170812,"{0: 19, 1: 1, 2: 4, 3: 1, 4: 0}",0
23,False,"{'a': 0.7936142836436554, 'e': 0.7936142836436554}",20,0,-89.66371282689471,"{0: 14, 1: 3, 2: 1, 3: 0, 4: 2}",0
24,False,"{'a': 0.7856781408072188, 'e': 0.7856781408072188}",25,0,-66.79191454336465,"{0: 18, 1: 3, 2: 3, 3: 0, 4: 1}",0
25,False,"{'a': 0.7778213593991467, 'e': 0.7778213593991467}",25,0,-132.23672756623566,"{0: 16, 1: 1, 2: 5, 3: 1, 4: 2}",0
26,False,"{'a': 0.7700431458051551, 'e': 0.7700431458051551}",20,0,-78.78142635046281,"{0: 13, 1: 1, 2: 5, 3: 0, 4: 1}",0
27,False,"{'a': 0.7623427143471035, 'e': 0.7623427143471035}",20,0,-97.74564481355341,"{0: 13, 1: 1, 2: 3, 3: 2, 4: 1}",0
28,False,"{'a': 0.7547192872036325, 'e': 0.7547192872036325}",20,0,-41.55566855741294,"{0: 16, 1: 2, 2: 1, 3: 0, 4: 1}",0
29,False,"{'a': 0.7471720943315961, 'e': 0.7471720943315961}",30,0,-129.7120561060914,"{0: 21, 1: 1, 2: 5, 3: 1, 4: 2}",0
30,False,"{'a': 0.7397003733882802, 'e': 0.7397003733882802}",20,0,-20.253804590797913,"{0: 15, 1: 2, 2: 3, 3: 0, 4: 0}",0
31,False,"{'a': 0.7323033696543975, 'e': 0.7323033696543975}",20,0,-120.44787605046014,"{0: 10, 1: 1, 2: 7, 3: 1, 4: 1}",0
32,False,"{'a': 0.7249803359578535, 'e': 0.7249803359578535}",20,0,-205.30947380106042,"{0: 11, 1: 2, 2: 1, 3: 2, 4: 4}",0
33,False,"{'a': 0.7177305325982749, 'e': 0.7177305325982749}",20,0,-67.27187536136492,"{0: 10, 1: 3, 2: 7, 3: 0, 4: 0}",0
34,False,"{'a': 0.7105532272722921, 'e': 0.7105532272722921}",30,0,-199.75599058544356,"{0: 19, 1: 1, 2: 6, 3: 0, 4: 4}",0
35,False,"{'a': 0.7034476949995692, 'e': 0.7034476949995692}",25,0,-89.80289852589011,"{0: 19, 1: 1, 2: 3, 3: 0, 4: 2}",0
36,False,"{'a': 0.6964132180495735, 'e': 0.6964132180495735}",20,0,-164.40306560070684,"{0: 9, 1: 1, 2: 7, 3: 1, 4: 2}",0
37,False,"{'a': 0.6894490858690778, 'e': 0.6894490858690778}",20,0,-75.63637519984182,"{0: 16, 1: 1, 2: 1, 3: 0, 4: 2}",0
38,False,"{'a': 0.682554595010387, 'e': 0.682554595010387}",30,0,-96.69261141317585,"{0: 21, 1: 1, 2: 6, 3: 1, 4: 1}",0
39,False,"{'a': 0.6757290490602831, 'e': 0.6757290490602831}",20,11,14.531460303910189,"{0: 9, 1: 0, 2: 0, 3: 0, 4: 0}",1
40,False,"{'a': 0.6689717585696803, 'e': 0.6689717585696803}",30,0,-105.30770340545656,"{0: 21, 1: 3, 2: 3, 3: 2, 4: 1}",0
41,False,"{'a': 0.6622820409839835, 'e': 0.6622820409839835}",20,0,-129.92907943770805,"{0: 12, 1: 1, 2: 4, 3: 1, 4: 2}",0
42,False,"{'a': 0.6556592205741436, 'e': 0.6556592205741436}",25,0,-137.71729876464227,"{0: 15, 1: 2, 2: 5, 3: 1, 4: 2}",0
43,False,"{'a': 0.6491026283684022, 'e': 0.6491026283684022}",30,0,-142.81444340565443,"{0: 21, 1: 1, 2: 4, 3: 2, 4: 2}",0
44,False,"{'a': 0.6426116020847181, 'e': 0.6426116020847181}",20,4,-23.11411011684862,"{0: 11, 1: 2, 2: 3, 3: 0, 4: 0}",1
45,False,"{'a': 0.6361854860638709, 'e': 0.6361854860638709}",25,0,-90.36691620496914,"{0: 15, 1: 4, 2: 5, 3: 0, 4: 1}",0
46,False,"{'a': 0.6298236312032323, 'e': 0.6298236312032323}",35,0,-27.416054400541647,"{0: 29, 1: 1, 2: 4, 3: 1, 4: 0}",0
47,False,"{'a': 0.6235253948912, 'e': 0.6235253948912}",20,2,-52.09720458107637,"{0: 13, 1: 1, 2: 2, 3: 2, 4: 0}",1
48,False,"{'a': 0.617290140942288, 'e': 0.617290140942288}",25,5,-86.82792183025293,"{0: 12, 1: 3, 2: 3, 3: 1, 4: 1}",1
49,False,"{'a': 0.611117239532865, 'e': 0.611117239532865}",25,7,-12.443087054183234,"{0: 15, 1: 1, 2: 1, 3: 1, 4: 0}",1
50,False,"{'a': 0.6050060671375364, 'e': 0.6050060671375364}",30,0,-41.265797448082346,"{0: 24, 1: 3, 2: 2, 3: 0, 4: 1}",0
51,False,"{'a': 0.598956006466161, 'e': 0.598956006466161}",25,0,-164.6928188231518,"{0: 17, 1: 2, 2: 2, 3: 0, 4: 4}",0
52,False,"{'a': 0.5929664464014994, 'e': 0.5929664464014994}",25,0,-63.77692861506742,"{0: 17, 1: 2, 2: 4, 3: 2, 4: 0}",1
53,False,"{'a': 0.5870367819374844, 'e': 0.5870367819374844}",25,0,-129.84927273481821,"{0: 15, 1: 2, 2: 4, 3: 3, 4: 1}",0
54,False,"{'a': 0.5811664141181095, 'e': 0.5811664141181095}",20,0,-63.368546436971336,"{0: 15, 1: 0, 2: 4, 3: 0, 4: 1}",0
55,False,"{'a': 0.5753547499769285, 'e': 0.5753547499769285}",20,8,-24.85252705026202,"{0: 8, 1: 2, 2: 1, 3: 1, 4: 0}",1
56,False,"{'a': 0.5696012024771592, 'e': 0.5696012024771592}",25,0,-114.46244605533145,"{0: 17, 1: 1, 2: 5, 3: 0, 4: 2}",0
57,False,"{'a': 0.5639051904523875, 'e': 0.5639051904523875}",30,0,-108.17120924878574,"{0: 17, 1: 4, 2: 7, 3: 2, 4: 0}",0
58,False,"{'a': 0.5582661385478637, 'e': 0.5582661385478637}",25,0,-41.930128696552636,"{0: 19, 1: 2, 2: 2, 3: 2, 4: 0}",0
59,False,"{'a': 0.5526834771623851, 'e': 0.5526834771623851}",20,1,7.825511796740189,"{0: 17, 1: 0, 2: 2, 3: 0, 4: 0}",1
60,False,"{'a': 0.5471566423907612, 'e': 0.5471566423907612}",25,0,-61.81268511951867,"{0: 20, 1: 0, 2: 3, 3: 1, 4: 1}",0
61,False,"{'a': 0.5416850759668536, 'e': 0.5416850759668536}",35,0,-38.405667127094404,"{0: 29, 1: 2, 2: 3, 3: 0, 4: 1}",0
62,False,"{'a': 0.536268225207185, 'e': 0.536268225207185}",25,0,-102.89598277031614,"{0: 16, 1: 1, 2: 4, 3: 4, 4: 0}",0
63,False,"{'a': 0.5309055429551132, 'e': 0.5309055429551132}",20,6,-17.78835682447118,"{0: 10, 1: 1, 2: 3, 3: 0, 4: 0}",1
64,False,"{'a': 0.525596487525562, 'e': 0.525596487525562}",20,0,16.067118773887827,"{0: 18, 1: 2, 2: 0, 3: 0, 4: 0}",0
65,False,"{'a': 0.5203405226503064, 'e': 0.5203405226503064}",35,0,-150.63712494944915,"{0: 25, 1: 0, 2: 6, 3: 2, 4: 2}",0
66,False,"{'a': 0.5151371174238033, 'e': 0.5151371174238033}",30,0,-102.6622452194838,"{0: 22, 1: 0, 2: 5, 3: 2, 4: 1}",0
67,False,"{'a': 0.5099857462495653, 'e': 0.5099857462495653}",30,0,-96.8391685517885,"{0: 25, 1: 1, 2: 1, 3: 0, 4: 3}",0
68,False,"{'a': 0.5048858887870696, 'e': 0.5048858887870696}",30,0,-89.76036040295807,"{0: 22, 1: 2, 2: 3, 3: 2, 4: 1}",1
69,False,"{'a': 0.4998370298991989, 'e': 0.4998370298991989}",25,0,-139.71251082514576,"{0: 16, 1: 4, 2: 2, 3: 0, 4: 3}",0
70,False,"{'a': 0.49483865960020695, 'e': 0.49483865960020695}",25,6,-8.402972950245074,"{0: 16, 1: 1, 2: 1, 3: 1, 4: 0}",1
71,False,"{'a': 0.4898902730042049, 'e': 0.4898902730042049}",20,0,-103.63542785116306,"{0: 12, 1: 2, 2: 3, 3: 2, 4: 1}",0
72,False,"{'a': 0.48499137027416284, 'e': 0.48499137027416284}",20,9,7.0559092072715845,"{0: 10, 1: 0, 2: 1, 3: 0, 4: 0}",1
73,False,"{'a': 0.4801414565714212, 'e': 0.4801414565714212}",30,10,-3.216243419118742,"{0: 17, 1: 2, 2: 0, 3: 1, 4: 0}",1
74,False,"{'a': 0.47534004200570695, 'e': 0.47534004200570695}",25,20,8.807425548949418,"{0: 5, 1: 0, 2: 0, 3: 0, 4: 0}",1
75,False,"{'a': 0.4705866415856499, 'e': 0.4705866415856499}",20,0,-44.5886632623379,"{0: 17, 1: 0, 2: 2, 3: 0, 4: 1}",0
76,False,"{'a': 0.46588077516979337, 'e': 0.46588077516979337}",25,0,-39.78240719561452,"{0: 19, 1: 1, 2: 4, 3: 1, 4: 0}",0
77,False,"{'a': 0.46122196741809546, 'e': 0.46122196741809546}",30,0,-2.2229846288061443,"{0: 26, 1: 1, 2: 3, 3: 0, 4: 0}",0
78,False,"{'a': 0.4566097477439145, 'e': 0.4566097477439145}",25,0,-25.36319369193326,"{0: 22, 1: 0, 2: 2, 3: 0, 4: 1}",0
79,False,"{'a': 0.45204365026647536, 'e': 0.45204365026647536}",20,0,-77.223170133345,"{0: 16, 1: 0, 2: 2, 3: 0, 4: 2}",0
80,False,"{'a': 0.4475232137638106, 'e': 0.4475232137638106}",30,0,-35.79718847770858,"{0: 23, 1: 1, 2: 6, 3: 0, 4: 0}",0
81,False,"{'a': 0.4430479816261725, 'e': 0.4430479816261725}",20,0,-14.873843648858461,"{0: 17, 1: 1, 2: 1, 3: 1, 4: 0}",0
82,False,"{'a': 0.43861750180991077, 'e': 0.43861750180991077}",20,0,-165.4675686200032,"{0: 7, 1: 2, 2: 9, 3: 0, 4: 2}",0
83,False,"{'a': 0.43423132679181164, 'e': 0.43423132679181164}",20,0,-61.833291497152025,"{0: 16, 1: 0, 2: 2, 3: 1, 4: 1}",0
84,False,"{'a': 0.4298890135238935, 'e': 0.4298890135238935}",30,0,-98.8436517246884,"{0: 23, 1: 2, 2: 2, 3: 1, 4: 2}",0
85,False,"{'a': 0.4255901233886546, 'e': 0.4255901233886546}",20,0,1.429887872375907,"{0: 17, 1: 3, 2: 0, 3: 0, 4: 0}",0
86,False,"{'a': 0.421334222154768, 'e': 0.421334222154768}",20,16,6.451415095677291,"{0: 4, 1: 0, 2: 0, 3: 0, 4: 0}",1
87,False,"{'a': 0.41712087993322033, 'e': 0.41712087993322033}",20,13,-1.2618244720086071,"{0: 5, 1: 2, 2: 0, 3: 0, 4: 0}",1
88,False,"{'a': 0.41294967113388814, 'e': 0.41294967113388814}",25,0,-37.64601918711685,"{0: 21, 1: 2, 2: 1, 3: 0, 4: 1}",0
89,False,"{'a': 0.40882017442254925, 'e': 0.40882017442254925}",30,0,-109.2714038926614,"{0: 25, 1: 0, 2: 2, 3: 0, 4: 3}",0
90,False,"{'a': 0.4047319726783238, 'e': 0.4047319726783238}",25,13,9.743579119384982,"{0: 11, 1: 0, 2: 1, 3: 0, 4: 0}",1
91,False,"{'a': 0.40068465295154054, 'e': 0.40068465295154054}",20,0,-6.138108745957246,"{0: 16, 1: 2, 2: 2, 3: 0, 4: 0}",0
92,False,"{'a': 0.3966778064220251, 'e': 0.3966778064220251}",35,3,-38.16184592993405,"{0: 28, 1: 1, 2: 0, 3: 2, 4: 1}",1
93,False,"{'a': 0.39271102835780486, 'e': 0.39271102835780486}",25,0,-63.50883663627095,"{0: 19, 1: 2, 2: 2, 3: 1, 4: 1}",0
94,False,"{'a': 0.3887839180742268, 'e': 0.3887839180742268}",20,0,5.480961252749207,"{0: 18, 1: 0, 2: 2, 3: 0, 4: 0}",0
95,False,"{'a': 0.38489607889348454, 'e': 0.38489607889348454}",25,6,-54.16998391617363,"{0: 14, 1: 3, 2: 0, 3: 1, 4: 1}",1
96,False,"{'a': 0.38104711810454966, 'e': 0.38104711810454966}",20,12,5.059227648890047,"{0: 7, 1: 0, 2: 1, 3: 0, 4: 0}",1
97,False,"{'a': 0.37723664692350417, 'e': 0.37723664692350417}",30,1,-55.02129163696765,"{0: 24, 1: 1, 2: 2, 3: 1, 4: 1}",1
98,False,"{'a': 0.37346428045426916, 'e': 0.37346428045426916}",30,9,-37.39866601132642,"{0: 17, 1: 2, 2: 1, 3: 0, 4: 1}",1
99,False,"{'a': 0.36972963764972644, 'e': 0.36972963764972644}",20,0,14.882253352271416,"{0: 19, 1: 0, 2: 1, 3: 0, 4: 0}",0
100,False,"{'a': 0.3660323412732292, 'e': 0.3660323412732292}",20,3,-45.586181428926714,"{0: 11, 1: 1, 2: 4, 3: 1, 4: 0}",1
101,False,"{'a': 0.3623720178604969, 'e': 0.3623720178604969}",30,8,-47.32837466176219,"{0: 17, 1: 0, 2: 4, 3: 0, 4: 1}",1
102,False,"{'a': 0.3587482976818919, 'e': 0.3587482976818919}",20,3,-48.2501038419764,"{0: 13, 1: 0, 2: 3, 3: 0, 4: 1}",1
103,False,"{'a': 0.355160814705073, 'e': 0.355160814705073}",30,0,9.308260779510402,"{0: 27, 1: 0, 2: 3, 3: 0, 4: 0}",0
104,False,"{'a': 0.35160920655802225, 'e': 0.35160920655802225}",20,10,-9.72981069571091,"{0: 8, 1: 1, 2: 0, 3: 1, 4: 0}",1
105,False,"{'a': 0.348093114492442, 'e': 0.348093114492442}",20,0,-70.69619351281177,"{0: 16, 1: 2, 2: 0, 3: 0, 4: 2}",0
106,False,"{'a': 0.3446121833475176, 'e': 0.3446121833475176}",25,7,-22.58885019768145,"{0: 14, 1: 1, 2: 2, 3: 1, 4: 0}",1
107,False,"{'a': 0.34116606151404244, 'e': 0.34116606151404244}",20,7,-16.799986103484795,"{0: 12, 1: 0, 2: 0, 3: 0, 4: 1}",1
108,False,"{'a': 0.337754400898902, 'e': 0.337754400898902}",25,19,0.8206782955809759,"{0: 5, 1: 0, 2: 1, 3: 0, 4: 0}",1
109,False,"{'a': 0.334376856889913, 'e': 0.334376856889913}",20,0,-7.864614737551742,"{0: 17, 1: 1, 2: 1, 3: 1, 4: 0}",0
110,False,"{'a': 0.33103308832101386, 'e': 0.33103308832101386}",20,3,8.280003175820518,"{0: 15, 1: 2, 2: 0, 3: 0, 4: 0}",1
111,False,"{'a': 0.3277227574378037, 'e': 0.3277227574378037}",30,0,-8.347672149422218,"{0: 29, 1: 0, 2: 0, 3: 0, 4: 1}",0
112,False,"{'a': 0.3244455298634257, 'e': 0.3244455298634257}",25,0,-37.98267639817056,"{0: 20, 1: 2, 2: 2, 3: 0, 4: 1}",1
113,False,"{'a': 0.3212010745647914, 'e': 0.3212010745647914}",25,16,14.126245507952962,"{0: 9, 1: 0, 2: 0, 3: 0, 4: 0}",1
114,False,"{'a': 0.3179890638191435, 'e': 0.3179890638191435}",20,8,-60.48463701018386,"{0: 10, 1: 0, 2: 0, 3: 0, 4: 2}",1
115,False,"{'a': 0.31480917318095203, 'e': 0.31480917318095203}",30,15,-27.7277683387994,"{0: 13, 1: 1, 2: 0, 3: 0, 4: 1}",1
116,False,"{'a': 0.3116610814491425, 'e': 0.3116610814491425}",20,13,-28.975969647544318,"{0: 6, 1: 0, 2: 0, 3: 0, 4: 1}",1
117,False,"{'a': 0.30854447063465107, 'e': 0.30854447063465107}",20,0,-31.582183630254356,"{0: 17, 1: 2, 2: 0, 3: 0, 4: 1}",0
118,False,"{'a': 0.3054590259283046, 'e': 0.3054590259283046}",20,6,15.501595672071748,"{0: 13, 1: 1, 2: 0, 3: 0, 4: 0}",1
119,False,"{'a': 0.30240443566902153, 'e': 0.30240443566902153}",25,2,-2.96559436078051,"{0: 20, 1: 0, 2: 3, 3: 0, 4: 0}",1
120,False,"{'a': 0.2993803913123313, 'e': 0.2993803913123313}",20,9,-6.15321731589526,"{0: 8, 1: 2, 2: 1, 3: 0, 4: 0}",1
121,False,"{'a': 0.296386587399208, 'e': 0.296386587399208}",20,0,-11.525696218975868,"{0: 17, 1: 0, 2: 2, 3: 1, 4: 0}",0
122,False,"{'a': 0.2934227215252159, 'e': 0.2934227215252159}",30,0,-34.57256016469114,"{0: 26, 1: 0, 2: 3, 3: 0, 4: 1}",0
123,False,"{'a': 0.29048849430996376, 'e': 0.29048849430996376}",20,12,-39.86276810187603,"{0: 6, 1: 0, 2: 1, 3: 0, 4: 1}",1
124,False,"{'a': 0.2875836093668641, 'e': 0.2875836093668641}",20,3,-49.25526539206692,"{0: 12, 1: 2, 2: 2, 3: 0, 4: 1}",1
125,False,"{'a': 0.28470777327319546, 'e': 0.28470777327319546}",20,2,28.444711417130108,"{0: 18, 1: 0, 2: 0, 3: 0, 4: 0}",1
126,False,"{'a': 0.2818606955404635, 'e': 0.2818606955404635}",25,0,-39.52317929659622,"{0: 22, 1: 0, 2: 1, 3: 1, 4: 1}",0
127,False,"{'a': 0.27904208858505886, 'e': 0.27904208858505886}",30,9,27.463442243361765,"{0: 19, 1: 2, 2: 0, 3: 0, 4: 0}",1
128,False,"{'a': 0.2762516676992083, 'e': 0.2762516676992083}",20,0,-100.04128190393018,"{0: 17, 1: 0, 2: 0, 3: 0, 4: 3}",0
129,False,"{'a': 0.2734891510222162, 'e': 0.2734891510222162}",20,3,5.566923522261058,"{0: 15, 1: 0, 2: 2, 3: 0, 4: 0}",1
130,False,"{'a': 0.27075425951199406, 'e': 0.27075425951199406}",25,2,-12.36081441074296,"{0: 20, 1: 0, 2: 2, 3: 1, 4: 0}",1
131,False,"{'a': 0.2680467169168741, 'e': 0.2680467169168741}",25,11,-32.67777947998533,"{0: 11, 1: 1, 2: 1, 3: 0, 4: 1}",1
132,False,"{'a': 0.26536624974770534, 'e': 0.26536624974770534}",25,14,-77.88201777891838,"{0: 7, 1: 2, 2: 0, 3: 0, 4: 2}",1
133,False,"{'a': 0.2627125872502283, 'e': 0.2627125872502283}",25,7,-17.41707520905384,"{0: 14, 1: 0, 2: 4, 3: 0, 4: 0}",1
134,False,"{'a': 0.26008546137772603, 'e': 0.26008546137772603}",25,0,-96.53586635603818,"{0: 19, 1: 0, 2: 3, 3: 1, 4: 2}",0
135,False,"{'a': 0.25748460676394874, 'e': 0.25748460676394874}",20,0,-84.72826848194747,"{0: 15, 1: 0, 2: 3, 3: 0, 4: 2}",0
136,False,"{'a': 0.2549097606963093, 'e': 0.2549097606963093}",20,0,-24.964860334851192,"{0: 18, 1: 0, 2: 1, 3: 0, 4: 1}",0
137,False,"{'a': 0.2523606630893462, 'e': 0.2523606630893462}",20,2,-39.8528632920884,"{0: 15, 1: 1, 2: 1, 3: 0, 4: 1}",1
138,False,"{'a': 0.2498370564584527, 'e': 0.2498370564584527}",25,15,6.087004850282199,"{0: 9, 1: 0, 2: 1, 3: 0, 4: 0}",1
139,False,"{'a': 0.24733868589386818, 'e': 0.24733868589386818}",25,15,3.100039983265961,"{0: 9, 1: 0, 2: 1, 3: 0, 4: 0}",1
140,False,"{'a': 0.24486529903492948, 'e': 0.24486529903492948}",25,13,7.422258184954419,"{0: 11, 1: 0, 2: 1, 3: 0, 4: 0}",1
141,False,"{'a': 0.2424166460445802, 'e': 0.2424166460445802}",20,11,3.4299073196695273,"{0: 8, 1: 0, 2: 1, 3: 0, 4: 0}",1
142,False,"{'a': 0.2399924795841344, 'e': 0.2399924795841344}",20,6,8.055995290735869,"{0: 13, 1: 0, 2: 1, 3: 0, 4: 0}",1
143,False,"{'a': 0.23759255478829303, 'e': 0.23759255478829303}",25,18,12.84237929445131,"{0: 7, 1: 0, 2: 0, 3: 0, 4: 0}",1
144,False,"{'a': 0.23521662924041012, 'e': 0.23521662924041012}",20,9,-21.09909757766326,"{0: 10, 1: 0, 2: 0, 3: 0, 4: 1}",1
145,False,"{'a': 0.232864462948006, 'e': 0.232864462948006}",20,10,-31.126566911514445,"{0: 8, 1: 1, 2: 0, 3: 0, 4: 1}",1
146,False,"{'a': 0.23053581831852593, 'e': 0.23053581831852593}",30,6,-7.548967410002738,"{0: 21, 1: 0, 2: 2, 3: 1, 4: 0}",1
147,False,"{'a': 0.22823046013534068, 'e': 0.22823046013534068}",25,13,-0.2971639713348968,"{0: 10, 1: 0, 2: 2, 3: 0, 4: 0}",1
148,False,"{'a': 0.22594815553398728, 'e': 0.22594815553398728}",25,11,9.995475264663726,"{0: 13, 1: 1, 2: 0, 3: 0, 4: 0}",1
149,False,"{'a': 0.2236886739786474, 'e': 0.2236886739786474}",20,6,20.92324208584859,"{0: 14, 1: 0, 2: 0, 3: 0, 4: 0}",1
150,False,"{'a': 0.22145178723886091, 'e': 0.22145178723886091}",20,2,0.552878667528077,"{0: 16, 1: 0, 2: 1, 3: 1, 4: 0}",1
151,False,"{'a': 0.2192372693664723, 'e': 0.2192372693664723}",20,12,18.903484086121246,"{0: 8, 1: 0, 2: 0, 3: 0, 4: 0}",1
152,False,"{'a': 0.21704489667280757, 'e': 0.21704489667280757}",20,5,14.470240188714929,"{0: 14, 1: 0, 2: 1, 3: 0, 4: 0}",1
153,False,"{'a': 0.2148744477060795, 'e': 0.2148744477060795}",20,6,-16.089683562157752,"{0: 13, 1: 0, 2: 0, 3: 0, 4: 1}",1
154,False,"{'a': 0.2127257032290187, 'e': 0.2127257032290187}",20,8,8.367590474535302,"{0: 11, 1: 0, 2: 1, 3: 0, 4: 0}",1
155,False,"{'a': 0.21059844619672852, 'e': 0.21059844619672852}",20,0,12.607349237232476,"{0: 19, 1: 0, 2: 1, 3: 0, 4: 0}",0
156,False,"{'a': 0.20849246173476124, 'e': 0.20849246173476124}",20,2,6.162740589370233,"{0: 17, 1: 0, 2: 0, 3: 1, 4: 0}",1
157,False,"{'a': 0.2064075371174136, 'e': 0.2064075371174136}",20,0,-18.83979495226574,"{0: 17, 1: 0, 2: 2, 3: 1, 4: 0}",0
158,False,"{'a': 0.20434346174623946, 'e': 0.20434346174623946}",20,10,19.891567296717774,"{0: 10, 1: 0, 2: 0, 3: 0, 4: 0}",1
159,False,"{'a': 0.2023000271287771, 'e': 0.2023000271287771}",20,12,14.505877060985535,"{0: 8, 1: 0, 2: 0, 3: 0, 4: 0}",1
160,False,"{'a': 0.20027702685748933, 'e': 0.20027702685748933}",20,10,-5.485492994894017,"{0: 9, 1: 0, 2: 0, 3: 1, 4: 0}",1
161,False,"{'a': 0.19827425658891443, 'e': 0.19827425658891443}",20,0,-50.90053645933391,"{0: 16, 1: 0, 2: 3, 3: 0, 4: 1}",0
162,False,"{'a': 0.19629151402302528, 'e': 0.19629151402302528}",25,16,8.351531606198456,"{0: 8, 1: 1, 2: 0, 3: 0, 4: 0}",1
163,False,"{'a': 0.19432859888279502, 'e': 0.19432859888279502}",20,5,21.396542568218454,"{0: 15, 1: 0, 2: 0, 3: 0, 4: 0}",1
164,False,"{'a': 0.19238531289396707, 'e': 0.19238531289396707}",30,12,21.67556858453938,"{0: 17, 1: 0, 2: 1, 3: 0, 4: 0}",1
165,False,"{'a': 0.1904614597650274, 'e': 0.1904614597650274}",30,3,24.481118688379564,"{0: 25, 1: 1, 2: 1, 3: 0, 4: 0}",1
166,False,"{'a': 0.1885568451673771, 'e': 0.1885568451673771}",25,18,14.475680533836178,"{0: 7, 1: 0, 2: 0, 3: 0, 4: 0}",1
167,False,"{'a': 0.18667127671570335, 'e': 0.18667127671570335}",20,11,5.078774624611661,"{0: 8, 1: 0, 2: 1, 3: 0, 4: 0}",1
168,False,"{'a': 0.1848045639485463, 'e': 0.1848045639485463}",20,0,-37.186646728400206,"{0: 17, 1: 0, 2: 2, 3: 0, 4: 1}",0
169,False,"{'a': 0.18295651830906084, 'e': 0.18295651830906084}",25,0,35.973865432540705,"{0: 25, 1: 0, 2: 0, 3: 0, 4: 0}",0
170,False,"{'a': 0.18112695312597024, 'e': 0.18112695312597024}",25,4,32.937596750173874,"{0: 21, 1: 0, 2: 0, 3: 0, 4: 0}",1
171,False,"{'a': 0.17931568359471053, 'e': 0.17931568359471053}",25,5,15.260756581929263,"{0: 18, 1: 1, 2: 1, 3: 0, 4: 0}",1
172,False,"{'a': 0.17752252675876343, 'e': 0.17752252675876343}",20,2,-24.805559758770876,"{0: 16, 1: 0, 2: 1, 3: 0, 4: 1}",1
173,False,"{'a': 0.1757473014911758, 'e': 0.1757473014911758}",30,7,-8.131486756901305,"{0: 20, 1: 1, 2: 0, 3: 2, 4: 0}",1
174,False,"{'a': 0.17398982847626404, 'e': 0.17398982847626404}",30,10,32.73783884358481,"{0: 20, 1: 0, 2: 0, 3: 0, 4: 0}",1
175,False,"{'a': 0.1722499301915014, 'e': 0.1722499301915014}",20,2,12.4130460797249,"{0: 17, 1: 0, 2: 1, 3: 0, 4: 0}",1
176,False,"{'a': 0.17052743088958636, 'e': 0.17052743088958636}",20,6,22.42627114826181,"{0: 14, 1: 0, 2: 0, 3: 0, 4: 0}",1
177,False,"{'a': 0.1688221565806905, 'e': 0.1688221565806905}",25,0,-26.162477255476833,"{0: 22, 1: 0, 2: 2, 3: 0, 4: 1}",0
178,False,"{'a': 0.1671339350148836, 'e': 0.1671339350148836}",35,18,-26.591369575494582,"{0: 15, 1: 0, 2: 1, 3: 0, 4: 1}",1
179,False,"{'a': 0.16546259566473476, 'e': 0.16546259566473476}",30,1,-12.304317235165074,"{0: 27, 1: 0, 2: 1, 3: 0, 4: 1}",1
180,False,"{'a': 0.16380796970808742, 'e': 0.16380796970808742}",20,0,-25.454252913825236,"{0: 17, 1: 1, 2: 1, 3: 0, 4: 1}",0
181,False,"{'a': 0.16216989001100654, 'e': 0.16216989001100654}",25,15,8.984321888010676,"{0: 9, 1: 0, 2: 1, 3: 0, 4: 0}",1
182,False,"{'a': 0.16054819111089647, 'e': 0.16054819111089647}",25,7,30.6024232795694,"{0: 18, 1: 0, 2: 0, 3: 0, 4: 0}",1
183,False,"{'a': 0.1589427091997875, 'e': 0.1589427091997875}",35,13,17.554300519438815,"{0: 20, 1: 1, 2: 1, 3: 0, 4: 0}",1
184,False,"{'a': 0.15735328210778962, 'e': 0.15735328210778962}",25,0,30.619395736848485,"{0: 24, 1: 1, 2: 0, 3: 0, 4: 0}",0
185,False,"{'a': 0.15577974928671173, 'e': 0.15577974928671173}",20,7,8.289419161778092,"{0: 12, 1: 0, 2: 1, 3: 0, 4: 0}",1
186,False,"{'a': 0.15422195179384462, 'e': 0.15422195179384462}",20,0,27.78350276089096,"{0: 20, 1: 0, 2: 0, 3: 0, 4: 0}",1
187,False,"{'a': 0.15267973227590617, 'e': 0.15267973227590617}",20,8,-20.77626802364541,"{0: 11, 1: 0, 2: 0, 3: 0, 4: 1}",1
188,False,"{'a': 0.1511529349531471, 'e': 0.1511529349531471}",20,0,30.89584992293755,"{0: 20, 1: 0, 2: 0, 3: 0, 4: 0}",0
189,False,"{'a': 0.14964140560361563, 'e': 0.14964140560361563}",25,13,9.798850342667071,"{0: 11, 1: 0, 2: 1, 3: 0, 4: 0}",1
190,False,"{'a': 0.14814499154757946, 'e': 0.14814499154757946}",25,9,7.011955587337274,"{0: 14, 1: 1, 2: 1, 3: 0, 4: 0}",1
191,False,"{'a': 0.14666354163210368, 'e': 0.14666354163210368}",20,3,18.00087716224182,"{0: 16, 1: 1, 2: 0, 3: 0, 4: 0}",1
192,False,"{'a': 0.14519690621578263, 'e': 0.14519690621578263}",35,8,-41.70445706858055,"{0: 22, 1: 2, 2: 2, 3: 0, 4: 1}",1
193,False,"{'a': 0.1437449371536248, 'e': 0.1437449371536248}",25,10,1.4347397034814857,"{0: 14, 1: 0, 2: 0, 3: 1, 4: 0}",1
194,False,"{'a': 0.14230748778208857, 'e': 0.14230748778208857}",20,15,-1.1364224452810978,"{0: 4, 1: 0, 2: 1, 3: 0, 4: 0}",1
195,False,"{'a': 0.14088441290426768, 'e': 0.14088441290426768}",25,14,-21.078480549082613,"{0: 10, 1: 0, 2: 0, 3: 0, 4: 1}",1
196,False,"{'a': 0.139475568775225, 'e': 0.139475568775225}",25,10,-1.3149232923647607,"{0: 13, 1: 0, 2: 2, 3: 0, 4: 0}",1
197,False,"{'a': 0.13808081308747275, 'e': 0.13808081308747275}",30,19,14.357985908663995,"{0: 10, 1: 1, 2: 0, 3: 0, 4: 0}",1
198,False,"{'a': 0.136700004956598, 'e': 0.136700004956598}",30,7,21.318567864181187,"{0: 22, 1: 0, 2: 0, 3: 1, 4: 0}",1
199,False,"{'a': 0.13533300490703204, 'e': 0.13533300490703204}",20,2,0.2685255817277241,"{0: 15, 1: 1, 2: 2, 3: 0, 4: 0}",1
200,False,"{'a': 0.13397967485796172, 'e': 0.13397967485796172}",30,7,-7.451820356383447,"{0: 21, 1: 0, 2: 0, 3: 2, 4: 0}",1
201,False,"{'a': 0.1326398781093821, 'e': 0.1326398781093821}",20,11,14.487320712455075,"{0: 9, 1: 0, 2: 0, 3: 0, 4: 0}",1
202,False,"{'a': 0.13131347932828827, 'e': 0.13131347932828827}",20,9,6.494641936493215,"{0: 10, 1: 0, 2: 1, 3: 0, 4: 0}",1
203,False,"{'a': 0.1300003445350054, 'e': 0.1300003445350054}",30,22,16.351374129532168,"{0: 8, 1: 0, 2: 0, 3: 0, 4: 0}",1
204,False,"{'a': 0.12870034108965533, 'e': 0.12870034108965533}",25,10,28.788361836333333,"{0: 15, 1: 0, 2: 0, 3: 0, 4: 0}",1
205,False,"{'a': 0.1274133376787588, 'e': 0.1274133376787588}",30,18,-41.115816044341095,"{0: 10, 1: 0, 2: 0, 3: 1, 4: 1}",1
206,False,"{'a': 0.12613920430197118, 'e': 0.12613920430197118}",30,8,31.506732215543273,"{0: 21, 1: 1, 2: 0, 3: 0, 4: 0}",1
207,False,"{'a': 0.12487781225895148, 'e': 0.12487781225895148}",20,13,-29.135712589454737,"{0: 6, 1: 0, 2: 0, 3: 0, 4: 1}",1
208,False,"{'a': 0.12362903413636196, 'e': 0.12362903413636196}",25,10,30.97250115345549,"{0: 15, 1: 0, 2: 0, 3: 0, 4: 0}",1
209,False,"{'a': 0.12239274379499834, 'e': 0.12239274379499834}",20,7,24.47109814908552,"{0: 13, 1: 0, 2: 0, 3: 0, 4: 0}",1
210,False,"{'a': 0.12116881635704835, 'e': 0.12116881635704835}",20,0,12.570925042910835,"{0: 19, 1: 0, 2: 0, 3: 1, 4: 0}",0
211,False,"{'a': 0.11995712819347787, 'e': 0.11995712819347787}",20,12,8.38451038644994,"{0: 7, 1: 0, 2: 1, 3: 0, 4: 0}",1
212,False,"{'a': 0.11875755691154309, 'e': 0.11875755691154309}",35,14,4.874967880284584,"{0: 18, 1: 0, 2: 3, 3: 0, 4: 0}",1
213,False,"{'a': 0.11756998134242766, 'e': 0.11756998134242766}",35,23,-2.5424387537302584,"{0: 11, 1: 0, 2: 0, 3: 1, 4: 0}",1
214,False,"{'a': 0.11639428152900338, 'e': 0.11639428152900338}",20,14,3.8349515630050934,"{0: 5, 1: 1, 2: 0, 3: 0, 4: 0}",1
215,False,"{'a': 0.11523033871371334, 'e': 0.11523033871371334}",20,8,-12.304679575492544,"{0: 10, 1: 0, 2: 1, 3: 1, 4: 0}",1
216,False,"{'a': 0.11407803532657622, 'e': 0.11407803532657622}",20,16,9.009752218829504,"{0: 4, 1: 0, 2: 0, 3: 0, 4: 0}",1
217,False,"{'a': 0.11293725497331045, 'e': 0.11293725497331045}",25,12,23.186081151625462,"{0: 13, 1: 0, 2: 0, 3: 0, 4: 0}",1
218,False,"{'a': 0.11180788242357734, 'e': 0.11180788242357734}",20,0,-11.933454409195408,"{0: 19, 1: 0, 2: 0, 3: 0, 4: 1}",0
219,False,"{'a': 0.11068980359934157, 'e': 0.11068980359934157}",25,9,28.916937081059565,"{0: 16, 1: 0, 2: 0, 3: 0, 4: 0}",1
220,False,"{'a': 0.10958290556334815, 'e': 0.10958290556334815}",35,9,24.697429939237242,"{0: 25, 1: 0, 2: 0, 3: 1, 4: 0}",1
221,False,"{'a': 0.10848707650771466, 'e': 0.10848707650771466}",20,0,14.893967209963762,"{0: 18, 1: 1, 2: 1, 3: 0, 4: 0}",0
222,False,"{'a': 0.10740220574263752, 'e': 0.10740220574263752}",20,13,14.147846738484073,"{0: 7, 1: 0, 2: 0, 3: 0, 4: 0}",1
223,False,"{'a': 0.10632818368521114, 'e': 0.10632818368521114}",30,4,-90.06196080695109,"{0: 20, 1: 2, 2: 1, 3: 1, 4: 2}",1
224,False,"{'a': 0.10526490184835903, 'e': 0.10526490184835903}",20,8,17.16058222077187,"{0: 12, 1: 0, 2: 0, 3: 0, 4: 0}",1
225,False,"{'a': 0.10421225282987544, 'e': 0.10421225282987544}",25,15,9.843467848982568,"{0: 9, 1: 0, 2: 1, 3: 0, 4: 0}",1
226,False,"{'a': 0.10317013030157668, 'e': 0.10317013030157668}",20,8,2.4411246341584527,"{0: 10, 1: 1, 2: 1, 3: 0, 4: 0}",1
227,False,"{'a': 0.10213842899856092, 'e': 0.10213842899856092}",20,2,9.358484758490214,"{0: 17, 1: 0, 2: 0, 3: 1, 4: 0}",1
228,False,"{'a': 0.10111704470857531, 'e': 0.10111704470857531}",20,2,6.291695717820625,"{0: 16, 1: 0, 2: 2, 3: 0, 4: 0}",1
229,False,"{'a': 0.10010587426148955, 'e': 0.10010587426148955}",25,18,10.846301736602292,"{0: 7, 1: 0, 2: 0, 3: 0, 4: 0}",1
230,False,"{'a': 0.09910481551887466, 'e': 0.09910481551887466}",35,15,40.469765907635036,"{0: 20, 1: 0, 2: 0, 3: 0, 4: 0}",1
231,False,"{'a': 0.0981137673636859, 'e': 0.0981137673636859}",25,10,27.009163795125517,"{0: 15, 1: 0, 2: 0, 3: 0, 4: 0}",1
232,False,"{'a': 0.09713262969004906, 'e': 0.09713262969004906}",20,5,23.284150598299508,"{0: 15, 1: 0, 2: 0, 3: 0, 4: 0}",1
233,False,"{'a': 0.09616130339314856, 'e': 0.09616130339314856}",20,0,10.990176869558438,"{0: 19, 1: 0, 2: 0, 3: 1, 4: 0}",0
234,False,"{'a': 0.09519969035921708, 'e': 0.09519969035921708}",20,0,27.759498682661324,"{0: 20, 1: 0, 2: 0, 3: 0, 4: 0}",0
235,False,"{'a': 0.0942476934556249, 'e': 0.0942476934556249}",30,13,8.28574892908225,"{0: 15, 1: 0, 2: 2, 3: 0, 4: 0}",1
236,False,"{'a': 0.09330521652106866, 'e': 0.09330521652106866}",25,0,-37.995503735413365,"{0: 22, 1: 0, 2: 1, 3: 1, 4: 1}",0
237,False,"{'a': 0.09237216435585796, 'e': 0.09237216435585796}",20,8,-24.531237583254754,"{0: 11, 1: 0, 2: 0, 3: 0, 4: 1}",1
238,False,"{'a': 0.09144844271229938, 'e': 0.09144844271229938}",25,13,19.30994375993121,"{0: 12, 1: 0, 2: 0, 3: 0, 4: 0}",1
239,False,"{'a': 0.0905339582851764, 'e': 0.0905339582851764}",30,14,21.576844173737356,"{0: 15, 1: 1, 2: 0, 3: 0, 4: 0}",1
240,False,"{'a': 0.08962861870232462, 'e': 0.08962861870232462}",20,12,6.82334606636136,"{0: 6, 1: 2, 2: 0, 3: 0, 4: 0}",1
241,False,"{'a': 0.08873233251530138, 'e': 0.08873233251530138}",20,1,26.013672109490546,"{0: 19, 1: 0, 2: 0, 3: 0, 4: 0}",1
242,False,"{'a': 0.08784500919014836, 'e': 0.08784500919014836}",30,18,20.046683716840533,"{0: 12, 1: 0, 2: 0, 3: 0, 4: 0}",1
243,False,"{'a': 0.08696655909824688, 'e': 0.08696655909824688}",30,16,25.314200402590814,"{0: 14, 1: 0, 2: 0, 3: 0, 4: 0}",1
244,False,"{'a': 0.0860968935072644, 'e': 0.0860968935072644}",20,6,11.136591912087113,"{0: 13, 1: 0, 2: 1, 3: 0, 4: 0}",1
245,False,"{'a': 0.08523592457219176, 'e': 0.08523592457219176}",20,2,15.378211045043905,"{0: 17, 1: 0, 2: 1, 3: 0, 4: 0}",1
246,False,"{'a': 0.08438356532646984, 'e': 0.08438356532646984}",20,16,7.362861449506171,"{0: 4, 1: 0, 2: 0, 3: 0, 4: 0}",1
247,False,"{'a': 0.08353972967320515, 'e': 0.08353972967320515}",20,6,26.658615363411407,"{0: 14, 1: 0, 2: 0, 3: 0, 4: 0}",1
248,False,"{'a': 0.0827043323764731, 'e': 0.0827043323764731}",20,5,-25.357685991821562,"{0: 13, 1: 0, 2: 1, 3: 0, 4: 1}",1
249,False,"{'a': 0.08187728905270836, 'e': 0.08187728905270836}",20,1,28.136407053443794,"{0: 19, 1: 0, 2: 0, 3: 0, 4: 0}",1
250,False,"{'a': 0.08105851616218128, 'e': 0.08105851616218128}",20,9,23.602124288678024,"{0: 11, 1: 0, 2: 0, 3: 0, 4: 0}",1
251,False,"{'a': 0.08024793100055946, 'e': 0.08024793100055946}",25,0,27.08307931820841,"{0: 24, 1: 0, 2: 1, 3: 0, 4: 0}",0
252,False,"{'a': 0.07944545169055386, 'e': 0.07944545169055386}",20,0,28.795674475010426,"{0: 20, 1: 0, 2: 0, 3: 0, 4: 0}",0
253,False,"{'a': 0.07865099717364833, 'e': 0.07865099717364833}",25,12,17.84176481087837,"{0: 13, 1: 0, 2: 0, 3: 0, 4: 0}",1
254,False,"{'a': 0.07786448720191184, 'e': 0.07786448720191184}",20,10,17.74902683409268,"{0: 10, 1: 0, 2: 0, 3: 0, 4: 0}",1
255,False,"{'a': 0.07708584232989273, 'e': 0.07708584232989273}",20,13,14.31517982346803,"{0: 7, 1: 0, 2: 0, 3: 0, 4: 0}",1
256,False,"{'a': 0.0763149839065938, 'e': 0.0763149839065938}",25,10,10.760426463491873,"{0: 14, 1: 0, 2: 1, 3: 0, 4: 0}",1
257,False,"{'a': 0.07555183406752786, 'e': 0.07555183406752786}",20,9,-5.192873929020438,"{0: 9, 1: 0, 2: 2, 3: 0, 4: 0}",1
258,False,"{'a': 0.07479631572685258, 'e': 0.07479631572685258}",25,9,-24.937007157367784,"{0: 14, 1: 0, 2: 1, 3: 0, 4: 1}",1
259,False,"{'a': 0.07404835256958406, 'e': 0.07404835256958406}",20,3,25.035229273568504,"{0: 17, 1: 0, 2: 0, 3: 0, 4: 0}",1
260,False,"{'a': 0.07330786904388821, 'e': 0.07330786904388821}",25,11,21.12361570823227,"{0: 14, 1: 0, 2: 0, 3: 0, 4: 0}",1
261,False,"{'a': 0.07257479035344933, 'e': 0.07257479035344933}",20,12,11.238498360884602,"{0: 8, 1: 0, 2: 0, 3: 0, 4: 0}",1
262,False,"{'a': 0.07184904244991484, 'e': 0.07184904244991484}",30,13,19.864227114971705,"{0: 16, 1: 1, 2: 0, 3: 0, 4: 0}",1
263,False,"{'a': 0.07113055202541568, 'e': 0.07113055202541568}",25,6,-15.156675428733134,"{0: 18, 1: 0, 2: 0, 3: 0, 4: 1}",1
264,False,"{'a': 0.07041924650516153, 'e': 0.07041924650516153}",25,11,21.800523768807416,"{0: 14, 1: 0, 2: 0, 3: 0, 4: 0}",1
265,False,"{'a': 0.06971505404010991, 'e': 0.06971505404010991}",25,6,21.83806370761171,"{0: 18, 1: 0, 2: 1, 3: 0, 4: 0}",1
266,False,"{'a': 0.06901790349970881, 'e': 0.06901790349970881}",20,6,14.177984077527064,"{0: 13, 1: 1, 2: 0, 3: 0, 4: 0}",1
267,False,"{'a': 0.06832772446471172, 'e': 0.06832772446471172}",20,0,22.774743887397843,"{0: 19, 1: 0, 2: 1, 3: 0, 4: 0}",0
268,False,"{'a': 0.0676444472200646, 'e': 0.0676444472200646}",20,9,22.230849035246308,"{0: 11, 1: 0, 2: 0, 3: 0, 4: 0}",1
269,False,"{'a': 0.06696800274786396, 'e': 0.06696800274786396}",20,12,15.88549174955276,"{0: 8, 1: 0, 2: 0, 3: 0, 4: 0}",1
270,False,"{'a': 0.06629832272038531, 'e': 0.06629832272038531}",25,7,31.828721742088444,"{0: 18, 1: 0, 2: 0, 3: 0, 4: 0}",1
271,False,"{'a': 0.06563533949318147, 'e': 0.06563533949318147}",25,7,-15.047410191060077,"{0: 17, 1: 0, 2: 0, 3: 0, 4: 1}",1
272,False,"{'a': 0.06497898609824965, 'e': 0.06497898609824965}",25,13,25.27524577001172,"{0: 12, 1: 0, 2: 0, 3: 0, 4: 0}",1
273,False,"{'a': 0.06432919623726716, 'e': 0.06432919623726716}",30,13,16.862674746314354,"{0: 16, 1: 0, 2: 1, 3: 0, 4: 0}",1
274,False,"{'a': 0.06368590427489448, 'e': 0.06368590427489448}",20,2,23.54393921321496,"{0: 17, 1: 1, 2: 0, 3: 0, 4: 0}",1
275,False,"{'a': 0.06304904523214554, 'e': 0.06304904523214554}",35,1,33.73038303451614,"{0: 32, 1: 1, 2: 1, 3: 0, 4: 0}",1
276,False,"{'a': 0.06241855477982408, 'e': 0.06241855477982408}",20,9,10.448689014160308,"{0: 10, 1: 1, 2: 0, 3: 0, 4: 0}",1
277,False,"{'a': 0.06179436923202584, 'e': 0.06179436923202584}",25,15,21.4605781866303,"{0: 10, 1: 0, 2: 0, 3: 0, 4: 0}",1
278,False,"{'a': 0.06117642553970558, 'e': 0.06117642553970558}",20,11,18.17740365999739,"{0: 9, 1: 0, 2: 0, 3: 0, 4: 0}",1
279,False,"{'a': 0.06056466128430853, 'e': 0.06056466128430853}",25,7,35.879484311545944,"{0: 18, 1: 0, 2: 0, 3: 0, 4: 0}",1
280,False,"{'a': 0.05995901467146544, 'e': 0.05995901467146544}",25,17,14.719264255203642,"{0: 8, 1: 0, 2: 0, 3: 0, 4: 0}",1
281,False,"{'a': 0.059359424524750785, 'e': 0.059359424524750785}",25,19,11.084662688166206,"{0: 6, 1: 0, 2: 0, 3: 0, 4: 0}",1
282,False,"{'a': 0.05876583027950327, 'e': 0.05876583027950327}",20,11,18.95730698567722,"{0: 9, 1: 0, 2: 0, 3: 0, 4: 0}",1
283,False,"{'a': 0.05817817197670824, 'e': 0.05817817197670824}",25,16,-4.088797360947869,"{0: 8, 1: 0, 2: 0, 3: 1, 4: 0}",1
284,False,"{'a': 0.05759639025694116, 'e': 0.05759639025694116}",20,11,12.21387335113038,"{0: 9, 1: 0, 2: 0, 3: 0, 4: 0}",1
285,False,"{'a': 0.057020426354371746, 'e': 0.057020426354371746}",20,0,16.69914976209761,"{0: 19, 1: 0, 2: 1, 3: 0, 4: 0}",1
286,False,"{'a': 0.05645022209082803, 'e': 0.05645022209082803}",30,12,-30.089102829963245,"{0: 15, 1: 2, 2: 0, 3: 0, 4: 1}",1
287,False,"{'a': 0.05588571986991975, 'e': 0.05588571986991975}",20,10,12.247372406049681,"{0: 9, 1: 1, 2: 0, 3: 0, 4: 0}",1
288,False,"{'a': 0.05532686267122055, 'e': 0.05532686267122055}",20,8,10.778919491529054,"{0: 11, 1: 0, 2: 1, 3: 0, 4: 0}",1
289,False,"{'a': 0.05477359404450834, 'e': 0.05477359404450834}",20,10,19.972386844415954,"{0: 10, 1: 0, 2: 0, 3: 0, 4: 0}",1
290,False,"{'a': 0.05422585810406326, 'e': 0.05422585810406326}",25,1,39.269125995557665,"{0: 24, 1: 0, 2: 0, 3: 0, 4: 0}",1
291,False,"{'a': 0.05368359952302263, 'e': 0.05368359952302263}",20,2,-9.570901667055157,"{0: 17, 1: 0, 2: 0, 3: 0, 4: 1}",1
292,False,"{'a': 0.0531467635277924, 'e': 0.0531467635277924}",20,0,26.191706043766178,"{0: 20, 1: 0, 2: 0, 3: 0, 4: 0}",0
293,False,"{'a': 0.05261529589251448, 'e': 0.05261529589251448}",25,0,23.306373777999863,"{0: 24, 1: 0, 2: 1, 3: 0, 4: 0}",0
294,False,"{'a': 0.05208914293358933, 'e': 0.05208914293358933}",20,4,16.09832615750473,"{0: 15, 1: 0, 2: 1, 3: 0, 4: 0}",1
295,False,"{'a': 0.05156825150425344, 'e': 0.05156825150425344}",25,10,-14.566019096823455,"{0: 14, 1: 0, 2: 0, 3: 0, 4: 1}",1
296,False,"{'a': 0.0510525689892109, 'e': 0.0510525689892109}",20,0,27.70402948261741,"{0: 20, 1: 0, 2: 0, 3: 0, 4: 0}",0
297,False,"{'a': 0.050542043299318794, 'e': 0.050542043299318794}",25,18,12.70105745481899,"{0: 7, 1: 0, 2: 0, 3: 0, 4: 0}",1
298,False,"{'a': 0.050036622866325604, 'e': 0.050036622866325604}",20,0,17.994853493306877,"{0: 19, 1: 1, 2: 0, 3: 0, 4: 0}",0
299,False,"{'a': 0.04953625663766235, 'e': 0.04953625663766235}",20,0,28.648587175015887,"{0: 20, 1: 0, 2: 0, 3: 0, 4: 0}",1
300,False,"{'a': 0.04904089407128572, 'e': 0.04904089407128572}",20,5,22.807413150050838,"{0: 15, 1: 0, 2: 0, 3: 0, 4: 0}",1
301,False,"{'a': 0.04855048513057287, 'e': 0.04855048513057287}",20,0,28.801876993129078,"{0: 20, 1: 0, 2: 0, 3: 0, 4: 0}",0
302,False,"{'a': 0.04806498027926714, 'e': 0.04806498027926714}",20,7,23.31385543846154,"{0: 13, 1: 0, 2: 0, 3: 0, 4: 0}",1
303,False,"{'a': 0.047584330476474465, 'e': 0.047584330476474465}",25,8,17.605167950485573,"{0: 16, 1: 0, 2: 1, 3: 0, 4: 0}",1
304,False,"{'a': 0.04710848717170972, 'e': 0.04710848717170972}",25,14,19.76748589086514,"{0: 11, 1: 0, 2: 0, 3: 0, 4: 0}",1
305,False,"{'a': 0.04663740229999262, 'e': 0.04663740229999262}",30,14,15.863025295163265,"{0: 15, 1: 0, 2: 1, 3: 0, 4: 0}",1
306,False,"{'a': 0.046171028276992696, 'e': 0.046171028276992696}",20,8,19.16232569496537,"{0: 12, 1: 0, 2: 0, 3: 0, 4: 0}",1
307,False,"{'a': 0.045709317994222766, 'e': 0.045709317994222766}",20,2,29.009308928972494,"{0: 18, 1: 0, 2: 0, 3: 0, 4: 0}",1
308,False,"{'a': 0.04525222481428054, 'e': 0.04525222481428054}",25,12,4.7220911497537355,"{0: 12, 1: 0, 2: 0, 3: 1, 4: 0}",1
309,False,"{'a': 0.04479970256613774, 'e': 0.04479970256613774}",20,15,11.302706970259116,"{0: 5, 1: 0, 2: 0, 3: 0, 4: 0}",1
310,False,"{'a': 0.044351705540476356, 'e': 0.044351705540476356}",20,11,-15.61879917635004,"{0: 7, 1: 1, 2: 0, 3: 1, 4: 0}",1
311,False,"{'a': 0.043908188485071595, 'e': 0.043908188485071595}",30,2,45.67396196566149,"{0: 28, 1: 0, 2: 0, 3: 0, 4: 0}",1
312,False,"{'a': 0.04346910660022088, 'e': 0.04346910660022088}",25,17,16.06316436071188,"{0: 8, 1: 0, 2: 0, 3: 0, 4: 0}",1
313,False,"{'a': 0.04303441553421867, 'e': 0.04303441553421867}",20,15,10.984136836673834,"{0: 5, 1: 0, 2: 0, 3: 0, 4: 0}",1
314,False,"{'a': 0.04260407137887648, 'e': 0.04260407137887648}",30,16,14.269784530273052,"{0: 13, 1: 0, 2: 1, 3: 0, 4: 0}",1
315,False,"{'a': 0.04217803066508771, 'e': 0.04217803066508771}",20,2,-16.647521303571647,"{0: 17, 1: 0, 2: 0, 3: 0, 4: 1}",1
316,False,"{'a': 0.04175625035843684, 'e': 0.04175625035843684}",25,4,30.895091189090806,"{0: 20, 1: 1, 2: 0, 3: 0, 4: 0}",1
317,False,"{'a': 0.041338687854852466, 'e': 0.041338687854852466}",25,4,31.334263385181643,"{0: 21, 1: 0, 2: 0, 3: 0, 4: 0}",1
318,False,"{'a': 0.040925300976303945, 'e': 0.040925300976303945}",25,12,26.394178696995773,"{0: 13, 1: 0, 2: 0, 3: 0, 4: 0}",1
319,False,"{'a': 0.0405160479665409, 'e': 0.0405160479665409}",20,11,17.905563231823425,"{0: 9, 1: 0, 2: 0, 3: 0, 4: 0}",1
320,False,"{'a': 0.040110887486875496, 'e': 0.040110887486875496}",20,12,14.258843616427255,"{0: 8, 1: 0, 2: 0, 3: 0, 4: 0}",1
321,False,"{'a': 0.03970977861200674, 'e': 0.03970977861200674}",25,15,18.79402382961882,"{0: 10, 1: 0, 2: 0, 3: 0, 4: 0}",1
322,False,"{'a': 0.039312680825886674, 'e': 0.039312680825886674}",20,8,23.161755660580432,"{0: 12, 1: 0, 2: 0, 3: 0, 4: 0}",1
323,False,"{'a': 0.038919554017627804, 'e': 0.038919554017627804}",20,0,18.631113229857693,"{0: 19, 1: 0, 2: 1, 3: 0, 4: 0}",0
324,False,"{'a': 0.03853035847745152, 'e': 0.03853035847745152}",20,0,-24.538720281147544,"{0: 18, 1: 0, 2: 1, 3: 0, 4: 1}",0
325,False,"{'a': 0.03814505489267701, 'e': 0.03814505489267701}",20,14,11.740122887990822,"{0: 6, 1: 0, 2: 0, 3: 0, 4: 0}",1
326,False,"{'a': 0.03776360434375024, 'e': 0.03776360434375024}",20,7,27.755948871625243,"{0: 13, 1: 0, 2: 0, 3: 0, 4: 0}",1
327,False,"{'a': 0.03738596830031274, 'e': 0.03738596830031274}",25,16,15.533420896135953,"{0: 9, 1: 0, 2: 0, 3: 0, 4: 0}",1
328,False,"{'a': 0.03701210861730961, 'e': 0.03701210861730961}",20,11,14.075940409964028,"{0: 9, 1: 0, 2: 0, 3: 0, 4: 0}",1
329,False,"{'a': 0.03664198753113651, 'e': 0.03664198753113651}",20,12,-28.0048877051122,"{0: 7, 1: 0, 2: 0, 3: 0, 4: 1}",1
330,False,"{'a': 0.036275567655825146, 'e': 0.036275567655825146}",20,16,6.103440268741308,"{0: 4, 1: 0, 2: 0, 3: 0, 4: 0}",1
331,False,"{'a': 0.03591281197926689, 'e': 0.03591281197926689}",20,10,19.923176680323316,"{0: 10, 1: 0, 2: 0, 3: 0, 4: 0}",1
332,False,"{'a': 0.03555368385947423, 'e': 0.03555368385947423}",20,1,7.997735360459546,"{0: 18, 1: 0, 2: 0, 3: 1, 4: 0}",1
333,False,"{'a': 0.035198147020879485, 'e': 0.035198147020879485}",30,13,28.95967315313765,"{0: 17, 1: 0, 2: 0, 3: 0, 4: 0}",1
334,False,"{'a': 0.03484616555067069, 'e': 0.03484616555067069}",25,3,27.304015420293446,"{0: 21, 1: 0, 2: 1, 3: 0, 4: 0}",1
335,False,"{'a': 0.03449770389516398, 'e': 0.03449770389516398}",20,11,14.885479843588318,"{0: 9, 1: 0, 2: 0, 3: 0, 4: 0}",1
336,False,"{'a': 0.03415272685621234, 'e': 0.03415272685621234}",35,19,30.840640055296927,"{0: 16, 1: 0, 2: 0, 3: 0, 4: 0}",1
337,False,"{'a': 0.03381119958765022, 'e': 0.03381119958765022}",20,0,16.250358843635166,"{0: 19, 1: 0, 2: 1, 3: 0, 4: 0}",0
338,False,"{'a': 0.03347308759177372, 'e': 0.03347308759177372}",25,5,36.943359135106114,"{0: 20, 1: 0, 2: 0, 3: 0, 4: 0}",1
339,False,"{'a': 0.03313835671585598, 'e': 0.03313835671585598}",20,2,31.3917551045466,"{0: 18, 1: 0, 2: 0, 3: 0, 4: 0}",1
340,False,"{'a': 0.03280697314869742, 'e': 0.03280697314869742}",25,5,33.65900897729892,"{0: 20, 1: 0, 2: 0, 3: 0, 4: 0}",1
341,False,"{'a': 0.03247890341721044, 'e': 0.03247890341721044}",35,18,26.74479852008697,"{0: 17, 1: 0, 2: 0, 3: 0, 4: 0}",1
342,False,"{'a': 0.03215411438303834, 'e': 0.03215411438303834}",30,5,41.49516188426726,"{0: 25, 1: 0, 2: 0, 3: 0, 4: 0}",1
343,False,"{'a': 0.031832573239207955, 'e': 0.031832573239207955}",30,11,31.161446609775492,"{0: 19, 1: 0, 2: 0, 3: 0, 4: 0}",1
344,False,"{'a': 0.031514247506815876, 'e': 0.031514247506815876}",20,7,20.108903371106816,"{0: 13, 1: 0, 2: 0, 3: 0, 4: 0}",1
345,False,"{'a': 0.031199105031747717, 'e': 0.031199105031747717}",20,10,19.3293561149433,"{0: 10, 1: 0, 2: 0, 3: 0, 4: 0}",1
346,False,"{'a': 0.03088711398143024, 'e': 0.03088711398143024}",20,11,17.71501640538068,"{0: 9, 1: 0, 2: 0, 3: 0, 4: 0}",1
347,False,"{'a': 0.030578242841615935, 'e': 0.030578242841615935}",25,6,11.54941222170098,"{0: 17, 1: 1, 2: 1, 3: 0, 4: 0}",1
348,False,"{'a': 0.030272460413199778, 'e': 0.030272460413199778}",30,3,49.69684631674054,"{0: 27, 1: 0, 2: 0, 3: 0, 4: 0}",1
349,False,"{'a': 0.02996973580906778, 'e': 0.02996973580906778}",20,13,13.330741465036677,"{0: 7, 1: 0, 2: 0, 3: 0, 4: 0}",1
350,False,"{'a': 0.0296700384509771, 'e': 0.0296700384509771}",20,0,4.8846207587225905,"{0: 19, 1: 0, 2: 0, 3: 1, 4: 0}",0
351,False,"{'a': 0.02937333806646733, 'e': 0.02937333806646733}",20,3,30.26335293429894,"{0: 17, 1: 0, 2: 0, 3: 0, 4: 0}",1
352,False,"{'a': 0.029079604685802656, 'e': 0.029079604685802656}",30,12,28.750249555834344,"{0: 18, 1: 0, 2: 0, 3: 0, 4: 0}",1
353,False,"{'a': 0.02878880863894463, 'e': 0.02878880863894463}",25,10,25.387844129558495,"{0: 15, 1: 0, 2: 0, 3: 0, 4: 0}",1
354,False,"{'a': 0.02850092055255518, 'e': 0.02850092055255518}",35,9,-1.3214063304022268,"{0: 25, 1: 0, 2: 0, 3: 0, 4: 1}",1
355,False,"{'a': 0.02821591134702963, 'e': 0.02821591134702963}",20,0,-13.301561014113643,"{0: 19, 1: 0, 2: 0, 3: 0, 4: 1}",0
356,False,"{'a': 0.027933752233559334, 'e': 0.027933752233559334}",20,3,-15.376866802135044,"{0: 16, 1: 0, 2: 0, 3: 0, 4: 1}",1
357,False,"{'a': 0.027654414711223742, 'e': 0.027654414711223742}",20,13,13.367208393126301,"{0: 7, 1: 0, 2: 0, 3: 0, 4: 0}",1
358,False,"{'a': 0.027377870564111503, 'e': 0.027377870564111503}",20,13,11.274792815118166,"{0: 7, 1: 0, 2: 0, 3: 0, 4: 0}",1
359,False,"{'a': 0.027104091858470385, 'e': 0.027104091858470385}",30,0,53.802391555007866,"{0: 30, 1: 0, 2: 0, 3: 0, 4: 0}",1
360,False,"{'a': 0.026833050939885684, 'e': 0.026833050939885684}",20,0,22.215775953747006,"{0: 20, 1: 0, 2: 0, 3: 0, 4: 0}",0
361,False,"{'a': 0.026564720430486827, 'e': 0.026564720430486827}",20,6,3.0759992586006755,"{0: 13, 1: 0, 2: 0, 3: 1, 4: 0}",1
362,False,"{'a': 0.026299073226181958, 'e': 0.026299073226181958}",30,7,42.168455689821236,"{0: 23, 1: 0, 2: 0, 3: 0, 4: 0}",1
363,False,"{'a': 0.026036082493920136, 'e': 0.026036082493920136}",20,12,12.329635764620331,"{0: 8, 1: 0, 2: 0, 3: 0, 4: 0}",1
364,False,"{'a': 0.025775721668980935, 'e': 0.025775721668980935}",25,11,17.185788351654736,"{0: 13, 1: 0, 2: 1, 3: 0, 4: 0}",1
365,False,"{'a': 0.025517964452291125, 'e': 0.025517964452291125}",20,10,20.002458209935007,"{0: 10, 1: 0, 2: 0, 3: 0, 4: 0}",1
366,False,"{'a': 0.025262784807768213, 'e': 0.025262784807768213}",20,10,16.93231344214649,"{0: 10, 1: 0, 2: 0, 3: 0, 4: 0}",1
367,False,"{'a': 0.025010156959690534, 'e': 0.025010156959690534}",25,7,32.52939784406883,"{0: 18, 1: 0, 2: 0, 3: 0, 4: 0}",1
368,False,"{'a': 0.024760055390093627, 'e': 0.024760055390093627}",25,14,20.121911005747865,"{0: 11, 1: 0, 2: 0, 3: 0, 4: 0}",1
369,False,"{'a': 0.02451245483619269, 'e': 0.02451245483619269}",25,0,38.430657154093,"{0: 25, 1: 0, 2: 0, 3: 0, 4: 0}",0
370,False,"{'a': 0.024267330287830763, 'e': 0.024267330287830763}",25,9,29.601640998970474,"{0: 16, 1: 0, 2: 0, 3: 0, 4: 0}",1
371,False,"{'a': 0.024024656984952455, 'e': 0.024024656984952455}",20,12,15.272850626609834,"{0: 8, 1: 0, 2: 0, 3: 0, 4: 0}",1
372,False,"{'a': 0.02378441041510293, 'e': 0.02378441041510293}",30,16,24.550329539471406,"{0: 14, 1: 0, 2: 0, 3: 0, 4: 0}",1
373,False,"{'a': 0.0235465663109519, 'e': 0.0235465663109519}",25,11,25.638800301865363,"{0: 14, 1: 0, 2: 0, 3: 0, 4: 0}",1
374,False,"{'a': 0.02331110064784238, 'e': 0.02331110064784238}",20,14,10.68941677558243,"{0: 6, 1: 0, 2: 0, 3: 0, 4: 0}",1
375,False,"{'a': 0.02307798964136396, 'e': 0.02307798964136396}",25,0,39.400302823492595,"{0: 25, 1: 0, 2: 0, 3: 0, 4: 0}",0
376,False,"{'a': 0.022847209744950317, 'e': 0.022847209744950317}",20,6,20.14689156500062,"{0: 14, 1: 0, 2: 0, 3: 0, 4: 0}",1
377,False,"{'a': 0.022618737647500817, 'e': 0.022618737647500817}",25,7,31.030430328748288,"{0: 18, 1: 0, 2: 0, 3: 0, 4: 0}",1
378,False,"{'a': 0.022392550271025807, 'e': 0.022392550271025807}",30,3,45.52512266585917,"{0: 27, 1: 0, 2: 0, 3: 0, 4: 0}",1
379,False,"{'a': 0.022168624768315548, 'e': 0.022168624768315548}",20,0,32.34504830134988,"{0: 20, 1: 0, 2: 0, 3: 0, 4: 0}",0
380,False,"{'a': 0.021946938520632394, 'e': 0.021946938520632394}",20,6,15.079702776533395,"{0: 13, 1: 0, 2: 1, 3: 0, 4: 0}",1
381,False,"{'a': 0.02172746913542607, 'e': 0.02172746913542607}",20,6,19.949693531898596,"{0: 14, 1: 0, 2: 0, 3: 0, 4: 0}",1
382,False,"{'a': 0.021510194444071807, 'e': 0.021510194444071807}",20,0,31.132745512392546,"{0: 20, 1: 0, 2: 0, 3: 0, 4: 0}",0
383,False,"{'a': 0.021295092499631088, 'e': 0.021295092499631088}",25,2,38.01969181684061,"{0: 23, 1: 0, 2: 0, 3: 0, 4: 0}",1
384,False,"{'a': 0.02108214157463478, 'e': 0.02108214157463478}",30,17,23.615784582066002,"{0: 13, 1: 0, 2: 0, 3: 0, 4: 0}",1
385,False,"{'a': 0.02087132015888843, 'e': 0.02087132015888843}",25,15,-5.1428575373373295,"{0: 9, 1: 0, 2: 0, 3: 1, 4: 0}",1
386,False,"{'a': 0.020662606957299545, 'e': 0.020662606957299545}",30,18,22.77241420646678,"{0: 12, 1: 0, 2: 0, 3: 0, 4: 0}",1
387,False,"{'a': 0.02045598088772655, 'e': 0.02045598088772655}",20,0,32.58016472922212,"{0: 20, 1: 0, 2: 0, 3: 0, 4: 0}",0
388,False,"{'a': 0.020251421078849283, 'e': 0.020251421078849283}",20,7,21.42770767147123,"{0: 13, 1: 0, 2: 0, 3: 0, 4: 0}",1
389,False,"{'a': 0.02004890686806079, 'e': 0.02004890686806079}",20,3,27.622059793162066,"{0: 17, 1: 0, 2: 0, 3: 0, 4: 0}",1
390,False,"{'a': 0.019848417799380184, 'e': 0.019848417799380184}",20,0,35.5570259923393,"{0: 20, 1: 0, 2: 0, 3: 0, 4: 0}",0
391,False,"{'a': 0.01964993362138638, 'e': 0.01964993362138638}",35,24,22.03484289192395,"{0: 11, 1: 0, 2: 0, 3: 0, 4: 0}",1
392,False,"{'a': 0.019453434285172516, 'e': 0.019453434285172516}",20,14,10.733832624962078,"{0: 6, 1: 0, 2: 0, 3: 0, 4: 0}",1
393,False,"{'a': 0.01925889994232079, 'e': 0.01925889994232079}",20,10,17.26145485506459,"{0: 10, 1: 0, 2: 0, 3: 0, 4: 0}",1
394,False,"{'a': 0.019066310942897586, 'e': 0.019066310942897586}",25,0,40.43970605610737,"{0: 25, 1: 0, 2: 0, 3: 0, 4: 0}",0
395,False,"{'a': 0.01887564783346861, 'e': 0.01887564783346861}",20,2,31.164988020320628,"{0: 18, 1: 0, 2: 0, 3: 0, 4: 0}",1
396,False,"{'a': 0.018686891355133923, 'e': 0.018686891355133923}",25,9,28.611742952352195,"{0: 16, 1: 0, 2: 0, 3: 0, 4: 0}",1
397,False,"{'a': 0.01850002244158258, 'e': 0.01850002244158258}",20,7,20.850913804963408,"{0: 13, 1: 0, 2: 0, 3: 0, 4: 0}",1
398,False,"{'a': 0.018315022217166757, 'e': 0.018315022217166757}",30,15,28.618809075321487,"{0: 15, 1: 0, 2: 0, 3: 0, 4: 0}",1
399,False,"{'a': 0.018131871994995087, 'e': 0.018131871994995087}",20,15,-12.820306752794151,"{0: 4, 1: 0, 2: 0, 3: 1, 4: 0}",1
400,False,"{'a': 0.017950553275045137, 'e': 0.017950553275045137}",20,3,8.307001820307407,"{0: 15, 1: 0, 2: 2, 3: 0, 4: 0}",1
401,False,"{'a': 0.017771047742294686, 'e': 0.017771047742294686}",30,13,30.776671575123782,"{0: 17, 1: 0, 2: 0, 3: 0, 4: 0}",1
402,False,"{'a': 0.01759333726487174, 'e': 0.01759333726487174}",25,13,14.482308596004854,"{0: 11, 1: 1, 2: 0, 3: 0, 4: 0}",1
403,False,"{'a': 0.017417403892223023, 'e': 0.017417403892223023}",25,11,21.545751684641417,"{0: 14, 1: 0, 2: 0, 3: 0, 4: 0}",1
404,False,"{'a': 0.01724322985330079, 'e': 0.01724322985330079}",30,20,19.199044281195754,"{0: 10, 1: 0, 2: 0, 3: 0, 4: 0}",1
405,False,"{'a': 0.017070797554767782, 'e': 0.017070797554767782}",20,11,18.912118040077658,"{0: 9, 1: 0, 2: 0, 3: 0, 4: 0}",1
406,False,"{'a': 0.016900089579220106, 'e': 0.016900089579220106}",20,14,12.947709848741935,"{0: 6, 1: 0, 2: 0, 3: 0, 4: 0}",1
407,False,"{'a': 0.016731088683427903, 'e': 0.016731088683427903}",25,5,32.77575659860614,"{0: 20, 1: 0, 2: 0, 3: 0, 4: 0}",1
408,False,"{'a': 0.016563777796593626, 'e': 0.016563777796593626}",20,10,19.119164892876643,"{0: 10, 1: 0, 2: 0, 3: 0, 4: 0}",1
409,False,"{'a': 0.016398140018627688, 'e': 0.016398140018627688}",25,15,21.321631119575642,"{0: 10, 1: 0, 2: 0, 3: 0, 4: 0}",1
410,False,"{'a': 0.01623415861844141, 'e': 0.01623415861844141}",20,9,20.242286472288523,"{0: 11, 1: 0, 2: 0, 3: 0, 4: 0}",1
411,False,"{'a': 0.016071817032256998, 'e': 0.016071817032256998}",25,12,12.195864601304299,"{0: 12, 1: 0, 2: 1, 3: 0, 4: 0}",1
412,False,"{'a': 0.015911098861934425, 'e': 0.015911098861934425}",30,18,22.767598161591856,"{0: 12, 1: 0, 2: 0, 3: 0, 4: 0}",1
413,False,"{'a': 0.015751987873315082, 'e': 0.015751987873315082}",25,17,14.994807422879388,"{0: 8, 1: 0, 2: 0, 3: 0, 4: 0}",1
414,False,"{'a': 0.015594467994581931, 'e': 0.015594467994581931}",30,4,-14.035382780158187,"{0: 24, 1: 0, 2: 1, 3: 0, 4: 1}",1
415,False,"{'a': 0.015438523314636111, 'e': 0.015438523314636111}",25,0,31.765360366112706,"{0: 25, 1: 0, 2: 0, 3: 0, 4: 0}",0
416,False,"{'a': 0.01528413808148975, 'e': 0.01528413808148975}",30,9,36.273140125666416,"{0: 21, 1: 0, 2: 0, 3: 0, 4: 0}",1
417,False,"{'a': 0.015131296700674854, 'e': 0.015131296700674854}",30,23,11.29034651684986,"{0: 7, 1: 0, 2: 0, 3: 0, 4: 0}",1
418,False,"{'a': 0.014979983733668104, 'e': 0.014979983733668104}",20,13,5.045300554886604,"{0: 6, 1: 1, 2: 0, 3: 0, 4: 0}",1
419,False,"{'a': 0.014830183896331423, 'e': 0.014830183896331423}",25,14,20.96330092221425,"{0: 11, 1: 0, 2: 0, 3: 0, 4: 0}",1
420,False,"{'a': 0.014681882057368109, 'e': 0.014681882057368109}",35,22,25.712387923344778,"{0: 13, 1: 0, 2: 0, 3: 0, 4: 0}",1
421,False,"{'a': 0.014535063236794427, 'e': 0.014535063236794427}",25,0,39.69242856717371,"{0: 25, 1: 0, 2: 0, 3: 0, 4: 0}",0
422,False,"{'a': 0.014389712604426484, 'e': 0.014389712604426484}",20,14,12.077849650246995,"{0: 6, 1: 0, 2: 0, 3: 0, 4: 0}",1
423,False,"{'a': 0.014245815478382218, 'e': 0.014245815478382218}",20,6,13.277786295008998,"{0: 13, 1: 0, 2: 1, 3: 0, 4: 0}",1
424,False,"{'a': 0.014103357323598397, 'e': 0.014103357323598397}",20,9,22.97752023032009,"{0: 11, 1: 0, 2: 0, 3: 0, 4: 0}",1
425,False,"{'a': 0.013962323750362412, 'e': 0.013962323750362412}",30,4,6.708857059128087,"{0: 25, 1: 0, 2: 0, 3: 0, 4: 1}",1
426,False,"{'a': 0.013822700512858787, 'e': 0.013822700512858787}",30,2,28.382094881619015,"{0: 27, 1: 0, 2: 1, 3: 0, 4: 0}",1
427,False,"{'a': 0.013684473507730199, 'e': 0.013684473507730199}",25,0,34.43269051975748,"{0: 25, 1: 0, 2: 0, 3: 0, 4: 0}",0
428,False,"{'a': 0.013547628772652897, 'e': 0.013547628772652897}",25,17,15.045897791196657,"{0: 8, 1: 0, 2: 0, 3: 0, 4: 0}",1
429,False,"{'a': 0.013412152484926368, 'e': 0.013412152484926368}",25,12,24.144310593387793,"{0: 13, 1: 0, 2: 0, 3: 0, 4: 0}",1
430,False,"{'a': 0.013278030960077104, 'e': 0.013278030960077104}",30,8,33.96772358594203,"{0: 22, 1: 0, 2: 0, 3: 0, 4: 0}",1
431,False,"{'a': 0.013145250650476333, 'e': 0.013145250650476333}",20,7,7.097752633957571,"{0: 12, 1: 0, 2: 1, 3: 0, 4: 0}",1
432,False,"{'a': 0.01301379814397157, 'e': 0.01301379814397157}",20,16,4.702379488007886,"{0: 4, 1: 0, 2: 0, 3: 0, 4: 0}",1
433,False,"{'a': 0.012883660162531854, 'e': 0.012883660162531854}",30,0,28.173132193851064,"{0: 29, 1: 0, 2: 1, 3: 0, 4: 0}",0
434,False,"{'a': 0.012754823560906535, 'e': 0.012754823560906535}",20,10,18.39099525454762,"{0: 10, 1: 0, 2: 0, 3: 0, 4: 0}",1
435,False,"{'a': 0.01262727532529747, 'e': 0.01262727532529747}",30,11,30.18696685391128,"{0: 19, 1: 0, 2: 0, 3: 0, 4: 0}",1
436,False,"{'a': 0.012501002572044496, 'e': 0.012501002572044496}",20,8,25.20784198190001,"{0: 12, 1: 0, 2: 0, 3: 0, 4: 0}",1
437,False,"{'a': 0.01237599254632405, 'e': 0.01237599254632405}",25,17,17.78444416536834,"{0: 8, 1: 0, 2: 0, 3: 0, 4: 0}",1
438,False,"{'a': 0.012252232620860809, 'e': 0.012252232620860809}",30,7,38.91378148650028,"{0: 23, 1: 0, 2: 0, 3: 0, 4: 0}",1
439,False,"{'a': 0.012129710294652202, 'e': 0.012129710294652202}",25,11,26.067330981483533,"{0: 14, 1: 0, 2: 0, 3: 0, 4: 0}",1
440,False,"{'a': 0.01200841319170568, 'e': 0.01200841319170568}",20,0,15.197562310841127,"{0: 19, 1: 0, 2: 1, 3: 0, 4: 0}",0
441,False,"{'a': 0.011888329059788622, 'e': 0.011888329059788622}",30,7,44.85375618034833,"{0: 23, 1: 0, 2: 0, 3: 0, 4: 0}",1
442,False,"{'a': 0.011769445769190737, 'e': 0.011769445769190737}",35,23,15.860358618831835,"{0: 12, 1: 0, 2: 0, 3: 0, 4: 0}",1
443,False,"{'a': 0.011651751311498829, 'e': 0.011651751311498829}",25,14,20.42261546597766,"{0: 11, 1: 0, 2: 0, 3: 0, 4: 0}",1
444,False,"{'a': 0.01153523379838384, 'e': 0.01153523379838384}",20,6,20.84412876170312,"{0: 14, 1: 0, 2: 0, 3: 0, 4: 0}",1
445,False,"{'a': 0.011419881460400001, 'e': 0.011419881460400001}",20,6,4.564720834954802,"{0: 13, 1: 0, 2: 0, 3: 1, 4: 0}",1
446,False,"{'a': 0.011305682645796001, 'e': 0.011305682645796001}",30,6,37.67500865879049,"{0: 24, 1: 0, 2: 0, 3: 0, 4: 0}",1
447,False,"{'a': 0.011192625819338041, 'e': 0.011192625819338041}",25,16,16.988300860291258,"{0: 9, 1: 0, 2: 0, 3: 0, 4: 0}",1
448,False,"{'a': 0.011080699561144661, 'e': 0.011080699561144661}",25,2,38.77240240628747,"{0: 23, 1: 0, 2: 0, 3: 0, 4: 0}",1
449,False,"{'a': 0.010969892565533214, 'e': 0.010969892565533214}",25,13,21.26556079297615,"{0: 12, 1: 0, 2: 0, 3: 0, 4: 0}",1
450,False,"{'a': 0.010860193639877882, 'e': 0.010860193639877882}",25,2,0.9234542321029506,"{0: 22, 1: 0, 2: 0, 3: 0, 4: 1}",1
451,False,"{'a': 0.010751591703479103, 'e': 0.010751591703479103}",25,16,16.17848151675529,"{0: 9, 1: 0, 2: 0, 3: 0, 4: 0}",1
452,False,"{'a': 0.010644075786444312, 'e': 0.010644075786444312}",30,18,15.662594116079408,"{0: 12, 1: 0, 2: 0, 3: 0, 4: 0}",1
453,False,"{'a': 0.01053763502857987, 'e': 0.01053763502857987}",25,11,25.000750105807647,"{0: 14, 1: 0, 2: 0, 3: 0, 4: 0}",1
454,False,"{'a': 0.01043225867829407, 'e': 0.01043225867829407}",20,0,24.476183203381975,"{0: 20, 1: 0, 2: 0, 3: 0, 4: 0}",0
455,False,"{'a': 0.01032793609151113, 'e': 0.01032793609151113}",25,2,36.63312868347009,"{0: 23, 1: 0, 2: 0, 3: 0, 4: 0}",1
456,False,"{'a': 0.010224656730596018, 'e': 0.010224656730596018}",25,15,17.63901481464402,"{0: 10, 1: 0, 2: 0, 3: 0, 4: 0}",1
457,False,"{'a': 0.010122410163290057, 'e': 0.010122410163290057}",20,0,17.36288775396612,"{0: 19, 1: 0, 2: 1, 3: 0, 4: 0}",0
458,False,"{'a': 0.010021186061657156, 'e': 0.010021186061657156}",35,19,30.879690972606983,"{0: 16, 1: 0, 2: 0, 3: 0, 4: 0}",1
459,False,"{'a': 0.009920974201040586, 'e': 0.009920974201040586}",25,0,31.559003280748502,"{0: 24, 1: 1, 2: 0, 3: 0, 4: 0}",0
460,False,"{'a': 0.009821764459030179, 'e': 0.009821764459030179}",25,5,34.21590417844649,"{0: 20, 1: 0, 2: 0, 3: 0, 4: 0}",1
461,False,"{'a': 0.009723546814439878, 'e': 0.009723546814439878}",20,3,25.366535563565723,"{0: 17, 1: 0, 2: 0, 3: 0, 4: 0}",1
462,False,"{'a': 0.009626311346295479, 'e': 0.009626311346295479}",20,10,19.237771157801685,"{0: 10, 1: 0, 2: 0, 3: 0, 4: 0}",1
463,False,"{'a': 0.009530048232832523, 'e': 0.009530048232832523}",25,14,17.36532514226491,"{0: 11, 1: 0, 2: 0, 3: 0, 4: 0}",1
464,False,"{'a': 0.009434747750504199, 'e': 0.009434747750504199}",20,2,29.83596747910654,"{0: 18, 1: 0, 2: 0, 3: 0, 4: 0}",1
465,False,"{'a': 0.009340400272999157, 'e': 0.009340400272999157}",20,16,8.604175610742267,"{0: 4, 1: 0, 2: 0, 3: 0, 4: 0}",1
466,False,"{'a': 0.009246996270269165, 'e': 0.009246996270269165}",30,21,16.69869102364254,"{0: 9, 1: 0, 2: 0, 3: 0, 4: 0}",1
467,False,"{'a': 0.009154526307566474, 'e': 0.009154526307566474}",25,13,20.924588029457873,"{0: 12, 1: 0, 2: 0, 3: 0, 4: 0}",1
468,False,"{'a': 0.009062981044490808, 'e': 0.009062981044490808}",25,11,29.434823062124966,"{0: 14, 1: 0, 2: 0, 3: 0, 4: 0}",1
469,False,"{'a': 0.0089723512340459, 'e': 0.0089723512340459}",20,8,21.25878268531687,"{0: 12, 1: 0, 2: 0, 3: 0, 4: 0}",1
470,False,"{'a': 0.00888262772170544, 'e': 0.00888262772170544}",25,14,21.2723628591563,"{0: 11, 1: 0, 2: 0, 3: 0, 4: 0}",1
471,False,"{'a': 0.008793801444488386, 'e': 0.008793801444488386}",20,15,9.48874398901643,"{0: 5, 1: 0, 2: 0, 3: 0, 4: 0}",1
472,False,"{'a': 0.008705863430043502, 'e': 0.008705863430043502}",20,10,22.317241378109113,"{0: 10, 1: 0, 2: 0, 3: 0, 4: 0}",1
473,False,"{'a': 0.008618804795743068, 'e': 0.008618804795743068}",30,18,17.627109251577636,"{0: 12, 1: 0, 2: 0, 3: 0, 4: 0}",1
474,False,"{'a': 0.008532616747785637, 'e': 0.008532616747785637}",30,7,34.13673479948202,"{0: 23, 1: 0, 2: 0, 3: 0, 4: 0}",1
475,False,"{'a': 0.00844729058030778, 'e': 0.00844729058030778}",20,9,19.554434383186713,"{0: 11, 1: 0, 2: 0, 3: 0, 4: 0}",1
476,False,"{'a': 0.008362817674504702, 'e': 0.008362817674504702}",25,3,9.420470572707424,"{0: 21, 1: 0, 2: 0, 3: 1, 4: 0}",1
477,False,"{'a': 0.008279189497759656, 'e': 0.008279189497759656}",20,3,27.29566332210654,"{0: 17, 1: 0, 2: 0, 3: 0, 4: 0}",1
478,False,"{'a': 0.008196397602782058, 'e': 0.008196397602782058}",35,23,20.15366917887108,"{0: 12, 1: 0, 2: 0, 3: 0, 4: 0}",1
479,False,"{'a': 0.008114433626754238, 'e': 0.008114433626754238}",20,0,21.848674168304985,"{0: 20, 1: 0, 2: 0, 3: 0, 4: 0}",0
480,False,"{'a': 0.008033289290486696, 'e': 0.008033289290486696}",20,3,27.646344482680703,"{0: 17, 1: 0, 2: 0, 3: 0, 4: 0}",1
481,False,"{'a': 0.00795295639758183, 'e': 0.00795295639758183}",20,0,-15.349071512433191,"{0: 19, 1: 0, 2: 0, 3: 0, 4: 1}",1
482,False,"{'a': 0.00787342683360601, 'e': 0.00787342683360601}",30,0,44.92642082747776,"{0: 30, 1: 0, 2: 0, 3: 0, 4: 0}",0
483,False,"{'a': 0.0077946925652699495, 'e': 0.0077946925652699495}",25,0,38.35094649551503,"{0: 25, 1: 0, 2: 0, 3: 0, 4: 0}",1
484,False,"{'a': 0.00771674563961725, 'e': 0.00771674563961725}",25,17,13.983303780727441,"{0: 8, 1: 0, 2: 0, 3: 0, 4: 0}",1
485,False,"{'a': 0.007639578183221077, 'e': 0.007639578183221077}",20,13,10.459578356746512,"{0: 7, 1: 0, 2: 0, 3: 0, 4: 0}",1
486,False,"{'a': 0.0075631824013888665, 'e': 0.0075631824013888665}",25,14,-64.54140041013785,"{0: 9, 1: 0, 2: 0, 3: 0, 4: 2}",1
487,False,"{'a': 0.0074875505773749785, 'e': 0.0074875505773749785}",30,21,17.2660020288627,"{0: 9, 1: 0, 2: 0, 3: 0, 4: 0}",1
488,False,"{'a': 0.007412675071601228, 'e': 0.007412675071601228}",30,21,16.460242451524714,"{0: 9, 1: 0, 2: 0, 3: 0, 4: 0}",1
489,False,"{'a': 0.007338548320885216, 'e': 0.007338548320885216}",25,13,7.254082768758586,"{0: 11, 1: 0, 2: 1, 3: 0, 4: 0}",1
490,False,"{'a': 0.0072651628376763635, 'e': 0.0072651628376763635}",25,3,21.416307557668993,"{0: 21, 1: 0, 2: 1, 3: 0, 4: 0}",1
491,False,"{'a': 0.0071925112092996, 'e': 0.0071925112092996}",25,0,35.09764224434909,"{0: 25, 1: 0, 2: 0, 3: 0, 4: 0}",0
492,False,"{'a': 0.007120586097206604, 'e': 0.007120586097206604}",30,17,21.142824839373723,"{0: 13, 1: 0, 2: 0, 3: 0, 4: 0}",1
493,False,"{'a': 0.007049380236234538, 'e': 0.007049380236234538}",25,20,9.874347275903377,"{0: 5, 1: 0, 2: 0, 3: 0, 4: 0}",1
494,False,"{'a': 0.006978886433872193, 'e': 0.006978886433872193}",35,19,31.674422483959965,"{0: 16, 1: 0, 2: 0, 3: 0, 4: 0}",1
495,False,"{'a': 0.00690909756953347, 'e': 0.00690909756953347}",30,13,33.3786855713883,"{0: 17, 1: 0, 2: 0, 3: 0, 4: 0}",1
496,False,"{'a': 0.006840006593838136, 'e': 0.006840006593838136}",20,13,15.213060843867453,"{0: 7, 1: 0, 2: 0, 3: 0, 4: 0}",1
497,False,"{'a': 0.006771606527899755, 'e': 0.006771606527899755}",20,5,22.758587482540314,"{0: 15, 1: 0, 2: 0, 3: 0, 4: 0}",1
498,False,"{'a': 0.0067038904626207565, 'e': 0.0067038904626207565}",25,0,39.33725940947112,"{0: 25, 1: 0, 2: 0, 3: 0, 4: 0}",0
499,False,"{'a': 0.006636851557994549, 'e': 0.006636851557994549}",25,5,29.928877352533664,"{0: 19, 1: 1, 2: 0, 3: 0, 4: 0}",1
500,False,"{'a': 0.006570483042414603, 'e': 0.006570483042414603}",20,12,9.860321452455304,"{0: 8, 1: 0, 2: 0, 3: 0, 4: 0}",1
501,False,"{'a': 0.006504778211990457, 'e': 0.006504778211990457}",20,12,12.272933928442162,"{0: 8, 1: 0, 2: 0, 3: 0, 4: 0}",1
502,False,"{'a': 0.006439730429870553, 'e': 0.006439730429870553}",20,10,16.36157107794313,"{0: 10, 1: 0, 2: 0, 3: 0, 4: 0}",1
503,False,"{'a': 0.006375333125571847, 'e': 0.006375333125571847}",25,12,23.46204447982243,"{0: 13, 1: 0, 2: 0, 3: 0, 4: 0}",1
504,False,"{'a': 0.006311579794316129, 'e': 0.006311579794316129}",30,20,18.914257816991082,"{0: 10, 1: 0, 2: 0, 3: 0, 4: 0}",1
505,False,"{'a': 0.006248463996372968, 'e': 0.006248463996372968}",20,8,21.91644450684033,"{0: 12, 1: 0, 2: 0, 3: 0, 4: 0}",1
506,False,"{'a': 0.0061859793564092375, 'e': 0.0061859793564092375}",25,5,34.47679396497378,"{0: 20, 1: 0, 2: 0, 3: 0, 4: 0}",1
507,False,"{'a': 0.006124119562845145, 'e': 0.006124119562845145}",30,0,39.67138729563212,"{0: 30, 1: 0, 2: 0, 3: 0, 4: 0}",1
508,False,"{'a': 0.0060628783672166935, 'e': 0.0060628783672166935}",35,17,7.770034201136936,"{0: 17, 1: 0, 2: 0, 3: 1, 4: 0}",1
509,False,"{'a': 0.006002249583544526, 'e': 0.006002249583544526}",25,14,22.791988419527264,"{0: 11, 1: 0, 2: 0, 3: 0, 4: 0}",1
510,False,"{'a': 0.005942227087709081, 'e': 0.005942227087709081}",25,3,34.68864237686993,"{0: 22, 1: 0, 2: 0, 3: 0, 4: 0}",1
511,False,"{'a': 0.00588280481683199, 'e': 0.00588280481683199}",35,0,50.59767860884666,"{0: 35, 1: 0, 2: 0, 3: 0, 4: 0}",0
512,False,"{'a': 0.005823976768663671, 'e': 0.005823976768663671}",35,8,49.85383203085324,"{0: 27, 1: 0, 2: 0, 3: 0, 4: 0}",1
513,False,"{'a': 0.0057657370009770335, 'e': 0.0057657370009770335}",20,9,20.031530200819788,"{0: 11, 1: 0, 2: 0, 3: 0, 4: 0}",1
514,False,"{'a': 0.005708079630967263, 'e': 0.005708079630967263}",20,12,13.010588471073618,"{0: 8, 1: 0, 2: 0, 3: 0, 4: 0}",1
515,False,"{'a': 0.00565099883465759, 'e': 0.00565099883465759}",30,11,33.31458162522663,"{0: 19, 1: 0, 2: 0, 3: 0, 4: 0}",1
516,False,"{'a': 0.005594488846311015, 'e': 0.005594488846311015}",20,14,11.184900037851826,"{0: 6, 1: 0, 2: 0, 3: 0, 4: 0}",1
517,False,"{'a': 0.005538543957847904, 'e': 0.005538543957847904}",25,13,22.608486306420144,"{0: 12, 1: 0, 2: 0, 3: 0, 4: 0}",1
518,False,"{'a': 0.005483158518269426, 'e': 0.005483158518269426}",25,18,5.572054351771317,"{0: 6, 1: 1, 2: 0, 3: 0, 4: 0}",1
519,False,"{'a': 0.005428326933086731, 'e': 0.005428326933086731}",20,9,1.3149521727697566,"{0: 10, 1: 0, 2: 0, 3: 1, 4: 0}",1
520,False,"{'a': 0.005374043663755864, 'e': 0.005374043663755864}",25,11,26.29945046824224,"{0: 14, 1: 0, 2: 0, 3: 0, 4: 0}",1
521,False,"{'a': 0.005320303227118305, 'e': 0.005320303227118305}",20,9,19.249280718749194,"{0: 11, 1: 0, 2: 0, 3: 0, 4: 0}",1
522,False,"{'a': 0.005267100194847122, 'e': 0.005267100194847122}",25,6,34.06039082390836,"{0: 19, 1: 0, 2: 0, 3: 0, 4: 0}",1
523,False,"{'a': 0.005214429192898651, 'e': 0.005214429192898651}",30,10,33.34607970691161,"{0: 20, 1: 0, 2: 0, 3: 0, 4: 0}",1
524,False,"{'a': 0.005162284900969664, 'e': 0.005162284900969664}",25,15,15.22139889948697,"{0: 10, 1: 0, 2: 0, 3: 0, 4: 0}",1
525,False,"{'a': 0.005110662051959968, 'e': 0.005110662051959968}",20,9,20.131722006595428,"{0: 11, 1: 0, 2: 0, 3: 0, 4: 0}",1
526,False,"{'a': 0.005059555431440368, 'e': 0.005059555431440368}",25,9,26.84952102676872,"{0: 16, 1: 0, 2: 0, 3: 0, 4: 0}",1
527,False,"{'a': 0.005008959877125964, 'e': 0.005008959877125964}",25,9,31.44447255022606,"{0: 16, 1: 0, 2: 0, 3: 0, 4: 0}",1
528,False,"{'a': 0.0049588702783547045, 'e': 0.0049588702783547045}",25,11,24.562803049954077,"{0: 14, 1: 0, 2: 0, 3: 0, 4: 0}",1
529,False,"{'a': 0.004909281575571157, 'e': 0.004909281575571157}",30,5,44.00934372723478,"{0: 25, 1: 0, 2: 0, 3: 0, 4: 0}",1
530,False,"{'a': 0.0048601887598154455, 'e': 0.0048601887598154455}",20,7,25.116754821788152,"{0: 13, 1: 0, 2: 0, 3: 0, 4: 0}",1
531,False,"{'a': 0.004811586872217291, 'e': 0.004811586872217291}",20,10,22.645002069832106,"{0: 10, 1: 0, 2: 0, 3: 0, 4: 0}",1
532,False,"{'a': 0.004763471003495118, 'e': 0.004763471003495118}",20,0,21.563802887166336,"{0: 19, 1: 0, 2: 1, 3: 0, 4: 0}",0
533,False,"{'a': 0.004715836293460167, 'e': 0.004715836293460167}",25,11,21.89438247928289,"{0: 14, 1: 0, 2: 0, 3: 0, 4: 0}",1
534,False,"{'a': 0.004668677930525565, 'e': 0.004668677930525565}",25,16,16.029212791749412,"{0: 9, 1: 0, 2: 0, 3: 0, 4: 0}",1
535,False,"{'a': 0.0046219911512203095, 'e': 0.0046219911512203095}",30,7,37.05930349029021,"{0: 23, 1: 0, 2: 0, 3: 0, 4: 0}",1
536,False,"{'a': 0.004575771239708106, 'e': 0.004575771239708106}",25,8,29.66869159958786,"{0: 17, 1: 0, 2: 0, 3: 0, 4: 0}",1
537,False,"{'a': 0.004530013527311025, 'e': 0.004530013527311025}",20,3,27.45376768626452,"{0: 17, 1: 0, 2: 0, 3: 0, 4: 0}",1
538,False,"{'a': 0.004484713392037915, 'e': 0.004484713392037915}",25,13,18.479279850176294,"{0: 12, 1: 0, 2: 0, 3: 0, 4: 0}",1
539,False,"{'a': 0.004439866258117536, 'e': 0.004439866258117536}",20,12,10.028060465360486,"{0: 8, 1: 0, 2: 0, 3: 0, 4: 0}",1
540,False,"{'a': 0.004395467595536361, 'e': 0.004395467595536361}",25,12,22.50741028777308,"{0: 13, 1: 0, 2: 0, 3: 0, 4: 0}",1
541,False,"{'a': 0.0043515129195809965, 'e': 0.0043515129195809965}",20,10,15.017089936332667,"{0: 10, 1: 0, 2: 0, 3: 0, 4: 0}",1
542,False,"{'a': 0.004307997790385187, 'e': 0.004307997790385187}",20,12,15.535083270444588,"{0: 8, 1: 0, 2: 0, 3: 0, 4: 0}",1
543,False,"{'a': 0.004264917812481335, 'e': 0.004264917812481335}",20,2,28.842240854563972,"{0: 18, 1: 0, 2: 0, 3: 0, 4: 0}",1
544,False,"{'a': 0.004222268634356522, 'e': 0.004222268634356522}",20,6,23.322642666808928,"{0: 14, 1: 0, 2: 0, 3: 0, 4: 0}",1
545,False,"{'a': 0.004180045948012957, 'e': 0.004180045948012957}",25,9,28.185963482693317,"{0: 16, 1: 0, 2: 0, 3: 0, 4: 0}",1
546,False,"{'a': 0.004138245488532827, 'e': 0.004138245488532827}",35,16,36.958451424517065,"{0: 19, 1: 0, 2: 0, 3: 0, 4: 0}",1
547,False,"{'a': 0.004096863033647498, 'e': 0.004096863033647498}",25,8,29.056707397629758,"{0: 17, 1: 0, 2: 0, 3: 0, 4: 0}",1
548,False,"{'a': 0.0040558944033110235, 'e': 0.0040558944033110235}",30,14,30.059630266158308,"{0: 16, 1: 0, 2: 0, 3: 0, 4: 0}",1
549,False,"{'a': 0.004015335459277913, 'e': 0.004015335459277913}",20,6,-68.09121236416246,"{0: 11, 1: 0, 2: 1, 3: 0, 4: 2}",1
550,False,"{'a': 0.003975182104685134, 'e': 0.003975182104685134}",20,3,28.08700317400112,"{0: 17, 1: 0, 2: 0, 3: 0, 4: 0}",1
551,False,"{'a': 0.003935430283638282, 'e': 0.003935430283638282}",25,6,34.729239182237684,"{0: 19, 1: 0, 2: 0, 3: 0, 4: 0}",1
552,False,"{'a': 0.0038960759808018995, 'e': 0.0038960759808018995}",20,3,27.060063688097166,"{0: 17, 1: 0, 2: 0, 3: 0, 4: 0}",1
553,False,"{'a': 0.0038571152209938807, 'e': 0.0038571152209938807}",20,12,13.864195912914608,"{0: 8, 1: 0, 2: 0, 3: 0, 4: 0}",1
554,False,"{'a': 0.0038185440687839418, 'e': 0.0038185440687839418}",20,8,21.421717544395072,"{0: 12, 1: 0, 2: 0, 3: 0, 4: 0}",1
555,False,"{'a': 0.003780358628096102, 'e': 0.003780358628096102}",25,15,16.693113361644958,"{0: 10, 1: 0, 2: 0, 3: 0, 4: 0}",1
556,False,"{'a': 0.0037425550418151415, 'e': 0.0037425550418151415}",25,0,34.38709015116959,"{0: 25, 1: 0, 2: 0, 3: 0, 4: 0}",0
557,False,"{'a': 0.0037051294913969897, 'e': 0.0037051294913969897}",30,13,32.02585421305398,"{0: 17, 1: 0, 2: 0, 3: 0, 4: 0}",1
558,False,"{'a': 0.00366807819648302, 'e': 0.00366807819648302}",30,13,31.08169298565169,"{0: 17, 1: 0, 2: 0, 3: 0, 4: 0}",1
559,False,"{'a': 0.0036313974145181895, 'e': 0.0036313974145181895}",20,9,21.60790929845977,"{0: 11, 1: 0, 2: 0, 3: 0, 4: 0}",1
560,False,"{'a': 0.003595083440373008, 'e': 0.003595083440373008}",30,12,25.87789105368954,"{0: 18, 1: 0, 2: 0, 3: 0, 4: 0}",1
561,False,"{'a': 0.003559132605969278, 'e': 0.003559132605969278}",20,8,23.456419083387665,"{0: 12, 1: 0, 2: 0, 3: 0, 4: 0}",1
562,False,"{'a': 0.003523541279909585, 'e': 0.003523541279909585}",20,2,29.895390767324255,"{0: 18, 1: 0, 2: 0, 3: 0, 4: 0}",1
563,False,"{'a': 0.003488305867110489, 'e': 0.003488305867110489}",20,6,26.59691843664582,"{0: 14, 1: 0, 2: 0, 3: 0, 4: 0}",1
564,False,"{'a': 0.003453422808439384, 'e': 0.003453422808439384}",20,7,20.52343635667498,"{0: 13, 1: 0, 2: 0, 3: 0, 4: 0}",1
565,False,"{'a': 0.0034188885803549903, 'e': 0.0034188885803549903}",20,8,19.794129806327508,"{0: 12, 1: 0, 2: 0, 3: 0, 4: 0}",1
566,False,"{'a': 0.0033846996945514404, 'e': 0.0033846996945514404}",25,19,11.424185165499585,"{0: 6, 1: 0, 2: 0, 3: 0, 4: 0}",1
567,False,"{'a': 0.003350852697605926, 'e': 0.003350852697605926}",20,10,17.30878051463476,"{0: 10, 1: 0, 2: 0, 3: 0, 4: 0}",1
568,False,"{'a': 0.0033173441706298664, 'e': 0.0033173441706298664}",25,11,27.31093919876837,"{0: 14, 1: 0, 2: 0, 3: 0, 4: 0}",1
569,False,"{'a': 0.0032841707289235677, 'e': 0.0032841707289235677}",25,11,27.65236657600545,"{0: 14, 1: 0, 2: 0, 3: 0, 4: 0}",1
570,False,"{'a': 0.003251329021634332, 'e': 0.003251329021634332}",25,17,15.419592767089245,"{0: 8, 1: 0, 2: 0, 3: 0, 4: 0}",1
571,False,"{'a': 0.0032188157314179885, 'e': 0.0032188157314179885}",25,13,24.368879740255284,"{0: 12, 1: 0, 2: 0, 3: 0, 4: 0}",1
572,False,"{'a': 0.003186627574103809, 'e': 0.003186627574103809}",25,11,28.309097761130676,"{0: 14, 1: 0, 2: 0, 3: 0, 4: 0}",1
573,False,"{'a': 0.0031547612983627705, 'e': 0.0031547612983627705}",20,7,23.053891450398737,"{0: 13, 1: 0, 2: 0, 3: 0, 4: 0}",1
574,False,"{'a': 0.003123213685379143, 'e': 0.003123213685379143}",25,18,13.35865727608968,"{0: 7, 1: 0, 2: 0, 3: 0, 4: 0}",1
575,False,"{'a': 0.0030919815485253516, 'e': 0.0030919815485253516}",25,12,21.478155087072572,"{0: 13, 1: 0, 2: 0, 3: 0, 4: 0}",1
576,False,"{'a': 0.003061061733040098, 'e': 0.003061061733040098}",25,14,22.038580224151982,"{0: 11, 1: 0, 2: 0, 3: 0, 4: 0}",1
577,False,"{'a': 0.003030451115709697, 'e': 0.003030451115709697}",20,11,18.66082395673084,"{0: 9, 1: 0, 2: 0, 3: 0, 4: 0}",1
578,False,"{'a': 0.0030001466045526, 'e': 0.0030001466045526}",20,10,17.77056477505736,"{0: 10, 1: 0, 2: 0, 3: 0, 4: 0}",1
579,False,"{'a': 0.002970145138507074, 'e': 0.002970145138507074}",30,6,35.869903143617535,"{0: 24, 1: 0, 2: 0, 3: 0, 4: 0}",1
580,False,"{'a': 0.002940443687122003, 'e': 0.002940443687122003}",20,0,31.63013811227879,"{0: 20, 1: 0, 2: 0, 3: 0, 4: 0}",1
581,False,"{'a': 0.002911039250250783, 'e': 0.002911039250250783}",20,8,-16.972387028213053,"{0: 11, 1: 0, 2: 0, 3: 0, 4: 1}",1
582,False,"{'a': 0.0028819288577482754, 'e': 0.0028819288577482754}",25,1,38.92059238728856,"{0: 24, 1: 0, 2: 0, 3: 0, 4: 0}",1
583,False,"{'a': 0.0028531095691707925, 'e': 0.0028531095691707925}",25,11,22.284919574031505,"{0: 14, 1: 0, 2: 0, 3: 0, 4: 0}",1
584,False,"{'a': 0.0028245784734790844, 'e': 0.0028245784734790844}",25,10,23.57090581829483,"{0: 15, 1: 0, 2: 0, 3: 0, 4: 0}",1
585,False,"{'a': 0.0027963326887442937, 'e': 0.0027963326887442937}",25,20,10.892846104677322,"{0: 5, 1: 0, 2: 0, 3: 0, 4: 0}",1
586,False,"{'a': 0.0027683693618568506, 'e': 0.0027683693618568506}",20,6,25.557170851994417,"{0: 14, 1: 0, 2: 0, 3: 0, 4: 0}",1
587,False,"{'a': 0.002740685668238282, 'e': 0.002740685668238282}",20,13,11.001882272943705,"{0: 7, 1: 0, 2: 0, 3: 0, 4: 0}",1
588,False,"{'a': 0.0027132788115558993, 'e': 0.0027132788115558993}",30,0,39.69272397687607,"{0: 29, 1: 1, 2: 0, 3: 0, 4: 0}",0
589,False,"{'a': 0.0026861460234403403, 'e': 0.0026861460234403403}",25,12,21.523988989525268,"{0: 13, 1: 0, 2: 0, 3: 0, 4: 0}",1
590,False,"{'a': 0.002659284563205937, 'e': 0.002659284563205937}",20,16,8.48511784363232,"{0: 4, 1: 0, 2: 0, 3: 0, 4: 0}",1
591,False,"{'a': 0.0026326917175738774, 'e': 0.0026326917175738774}",20,3,27.922487881775112,"{0: 17, 1: 0, 2: 0, 3: 0, 4: 0}",1
592,False,"{'a': 0.0026063648003981387, 'e': 0.0026063648003981387}",20,12,14.510820768155806,"{0: 8, 1: 0, 2: 0, 3: 0, 4: 0}",1
593,False,"{'a': 0.0025803011523941573, 'e': 0.0025803011523941573}",20,5,30.825019822112516,"{0: 15, 1: 0, 2: 0, 3: 0, 4: 0}",1
594,False,"{'a': 0.0025544981408702158, 'e': 0.0025544981408702158}",20,3,25.27680182045037,"{0: 17, 1: 0, 2: 0, 3: 0, 4: 0}",1
595,False,"{'a': 0.0025289531594615135, 'e': 0.0025289531594615135}",20,7,24.242567584704883,"{0: 13, 1: 0, 2: 0, 3: 0, 4: 0}",1
596,False,"{'a': 0.0025036636278668984, 'e': 0.0025036636278668984}",30,18,25.70698405848123,"{0: 12, 1: 0, 2: 0, 3: 0, 4: 0}",1
597,False,"{'a': 0.0024786269915882293, 'e': 0.0024786269915882293}",25,7,29.89606203330269,"{0: 18, 1: 0, 2: 0, 3: 0, 4: 0}",1
598,False,"{'a': 0.002453840721672347, 'e': 0.002453840721672347}",20,10,-21.559127437217064,"{0: 9, 1: 0, 2: 0, 3: 0, 4: 1}",1
599,False,"{'a': 0.0024293023144556234, 'e': 0.0024293023144556234}",25,18,12.282165491205896,"{0: 7, 1: 0, 2: 0, 3: 0, 4: 0}",1
600,False,"{'a': 0.0024050092913110673, 'e': 0.0024050092913110673}",20,7,27.405286106520542,"{0: 13, 1: 0, 2: 0, 3: 0, 4: 0}",1
601,False,"{'a': 0.0023809591983979567, 'e': 0.0023809591983979567}",30,16,27.841396306357076,"{0: 14, 1: 0, 2: 0, 3: 0, 4: 0}",1
602,False,"{'a': 0.002357149606413977, 'e': 0.002357149606413977}",25,15,23.20326712582094,"{0: 10, 1: 0, 2: 0, 3: 0, 4: 0}",1
603,False,"{'a': 0.002333578110349837, 'e': 0.002333578110349837}",30,24,10.974289057279304,"{0: 6, 1: 0, 2: 0, 3: 0, 4: 0}",1
604,False,"{'a': 0.0023102423292463386, 'e': 0.0023102423292463386}",20,2,-12.725290437393323,"{0: 17, 1: 0, 2: 0, 3: 0, 4: 1}",1
605,False,"{'a': 0.0022871399059538754, 'e': 0.0022871399059538754}",30,14,26.249473685679128,"{0: 16, 1: 0, 2: 0, 3: 0, 4: 0}",1
606,False,"{'a': 0.0022642685068943367, 'e': 0.0022642685068943367}",20,12,13.975056029193468,"{0: 8, 1: 0, 2: 0, 3: 0, 4: 0}",1
607,False,"{'a': 0.002241625821825393, 'e': 0.002241625821825393}",20,9,19.91407227259046,"{0: 11, 1: 0, 2: 0, 3: 0, 4: 0}",1
608,False,"{'a': 0.0022192095636071395, 'e': 0.0022192095636071395}",25,15,21.342889460043626,"{0: 10, 1: 0, 2: 0, 3: 0, 4: 0}",1
609,False,"{'a': 0.002197017467971068, 'e': 0.002197017467971068}",25,17,13.771883725630014,"{0: 8, 1: 0, 2: 0, 3: 0, 4: 0}",1
610,False,"{'a': 0.002175047293291357, 'e': 0.002175047293291357}",20,12,15.625874763888312,"{0: 8, 1: 0, 2: 0, 3: 0, 4: 0}",1
611,False,"{'a': 0.002153296820358444, 'e': 0.002153296820358444}",20,0,27.849978933223586,"{0: 20, 1: 0, 2: 0, 3: 0, 4: 0}",0
612,False,"{'a': 0.0021317638521548593, 'e': 0.0021317638521548593}",20,16,5.509634907386244,"{0: 4, 1: 0, 2: 0, 3: 0, 4: 0}",1
613,False,"{'a': 0.0021104462136333105, 'e': 0.0021104462136333105}",20,6,26.977649167343888,"{0: 14, 1: 0, 2: 0, 3: 0, 4: 0}",1
614,False,"{'a': 0.0020893417514969773, 'e': 0.0020893417514969773}",20,14,7.667040318879822,"{0: 6, 1: 0, 2: 0, 3: 0, 4: 0}",1
615,False,"{'a': 0.0020684483339820075, 'e': 0.0020684483339820075}",35,13,37.12576167374306,"{0: 22, 1: 0, 2: 0, 3: 0, 4: 0}",1
616,False,"{'a': 0.0020477638506421875, 'e': 0.0020477638506421875}",25,16,19.849621096806366,"{0: 9, 1: 0, 2: 0, 3: 0, 4: 0}",1
617,False,"{'a': 0.0020272862121357657, 'e': 0.0020272862121357657}",20,9,21.543952014634204,"{0: 11, 1: 0, 2: 0, 3: 0, 4: 0}",1
618,False,"{'a': 0.002007013350014408, 'e': 0.002007013350014408}",30,18,21.131251864751096,"{0: 12, 1: 0, 2: 0, 3: 0, 4: 0}",1
619,False,"{'a': 0.0019869432165142637, 'e': 0.0019869432165142637}",20,6,22.853470078140568,"{0: 14, 1: 0, 2: 0, 3: 0, 4: 0}",1
620,False,"{'a': 0.001967073784349121, 'e': 0.001967073784349121}",20,14,11.727523827225838,"{0: 6, 1: 0, 2: 0, 3: 0, 4: 0}",1
621,False,"{'a': 0.00194740304650563, 'e': 0.00194740304650563}",20,4,26.71551984306344,"{0: 16, 1: 0, 2: 0, 3: 0, 4: 0}",1
622,False,"{'a': 0.0019279290160405737, 'e': 0.0019279290160405737}",25,11,26.47925107077628,"{0: 14, 1: 0, 2: 0, 3: 0, 4: 0}",1
623,False,"{'a': 0.001908649725880168, 'e': 0.001908649725880168}",30,16,26.169130057502084,"{0: 14, 1: 0, 2: 0, 3: 0, 4: 0}",1
624,False,"{'a': 0.0018895632286213661, 'e': 0.0018895632286213661}",25,8,24.280242074418005,"{0: 17, 1: 0, 2: 0, 3: 0, 4: 0}",1
625,False,"{'a': 0.0018706675963351526, 'e': 0.0018706675963351526}",25,5,29.237059504735466,"{0: 20, 1: 0, 2: 0, 3: 0, 4: 0}",1
626,False,"{'a': 0.001851960920371801, 'e': 0.001851960920371801}",20,5,26.167679486312917,"{0: 15, 1: 0, 2: 0, 3: 0, 4: 0}",1
627,False,"{'a': 0.001833441311168083, 'e': 0.001833441311168083}",20,9,20.340846104349584,"{0: 11, 1: 0, 2: 0, 3: 0, 4: 0}",1
628,False,"{'a': 0.0018151068980564022, 'e': 0.0018151068980564022}",25,7,30.606161979173375,"{0: 18, 1: 0, 2: 0, 3: 0, 4: 0}",1
629,False,"{'a': 0.001796955829075838, 'e': 0.001796955829075838}",30,18,22.24142172588324,"{0: 12, 1: 0, 2: 0, 3: 0, 4: 0}",1
630,False,"{'a': 0.0017789862707850797, 'e': 0.0017789862707850797}",25,11,22.487154846335198,"{0: 14, 1: 0, 2: 0, 3: 0, 4: 0}",1
631,False,"{'a': 0.001761196408077229, 'e': 0.001761196408077229}",30,22,14.97684829041653,"{0: 8, 1: 0, 2: 0, 3: 0, 4: 0}",1
632,False,"{'a': 0.0017435844439964566, 'e': 0.0017435844439964566}",30,14,30.360082089971524,"{0: 16, 1: 0, 2: 0, 3: 0, 4: 0}",1
633,False,"{'a': 0.001726148599556492, 'e': 0.001726148599556492}",20,6,25.549057738060686,"{0: 14, 1: 0, 2: 0, 3: 0, 4: 0}",1
634,False,"{'a': 0.001708887113560927, 'e': 0.001708887113560927}",25,3,36.036244469447574,"{0: 22, 1: 0, 2: 0, 3: 0, 4: 0}",1
635,False,"{'a': 0.0016917982424253177, 'e': 0.0016917982424253177}",20,3,29.705730347523943,"{0: 17, 1: 0, 2: 0, 3: 0, 4: 0}",1
636,False,"{'a': 0.0016748802600010646, 'e': 0.0016748802600010646}",20,13,11.330925499001353,"{0: 7, 1: 0, 2: 0, 3: 0, 4: 0}",1
637,False,"{'a': 0.0016581314574010539, 'e': 0.0016581314574010539}",20,0,27.218194395513002,"{0: 20, 1: 0, 2: 0, 3: 0, 4: 0}",0
638,False,"{'a': 0.0016415501428270432, 'e': 0.0016415501428270432}",25,14,-1.438694768825803,"{0: 10, 1: 0, 2: 0, 3: 1, 4: 0}",1
639,False,"{'a': 0.001625134641398773, 'e': 0.001625134641398773}",20,0,28.5882404722044,"{0: 20, 1: 0, 2: 0, 3: 0, 4: 0}",0
640,False,"{'a': 0.001608883294984785, 'e': 0.001608883294984785}",30,17,23.98237673885153,"{0: 13, 1: 0, 2: 0, 3: 0, 4: 0}",1
641,False,"{'a': 0.0015927944620349372, 'e': 0.0015927944620349372}",20,14,12.49409588655689,"{0: 6, 1: 0, 2: 0, 3: 0, 4: 0}",1
642,False,"{'a': 0.0015768665174145879, 'e': 0.0015768665174145879}",25,11,21.693645957689775,"{0: 14, 1: 0, 2: 0, 3: 0, 4: 0}",1
643,False,"{'a': 0.001561097852240442, 'e': 0.001561097852240442}",25,5,32.55940619736291,"{0: 20, 1: 0, 2: 0, 3: 0, 4: 0}",1
644,False,"{'a': 0.0015454868737180376, 'e': 0.0015454868737180376}",20,9,22.901150128613335,"{0: 11, 1: 0, 2: 0, 3: 0, 4: 0}",1
645,False,"{'a': 0.001530032004980857, 'e': 0.001530032004980857}",20,0,27.304963629738527,"{0: 20, 1: 0, 2: 0, 3: 0, 4: 0}",0
646,False,"{'a': 0.0015147316849310486, 'e': 0.0015147316849310486}",25,15,13.312210069542747,"{0: 10, 1: 0, 2: 0, 3: 0, 4: 0}",1
647,False,"{'a': 0.001499584368081738, 'e': 0.001499584368081738}",20,8,21.33494481374746,"{0: 12, 1: 0, 2: 0, 3: 0, 4: 0}",1
648,False,"{'a': 0.0014845885244009207, 'e': 0.0014845885244009207}",20,12,14.769874744386124,"{0: 8, 1: 0, 2: 0, 3: 0, 4: 0}",1
649,False,"{'a': 0.0014697426391569114, 'e': 0.0014697426391569114}",25,9,29.993632896168656,"{0: 16, 1: 0, 2: 0, 3: 0, 4: 0}",1
650,False,"{'a': 0.0014550452127653423, 'e': 0.0014550452127653423}",25,3,36.85772331662924,"{0: 22, 1: 0, 2: 0, 3: 0, 4: 0}",1
651,False,"{'a': 0.001440494760637689, 'e': 0.001440494760637689}",30,8,40.06802066076964,"{0: 22, 1: 0, 2: 0, 3: 0, 4: 0}",1
652,False,"{'a': 0.001426089813031312, 'e': 0.001426089813031312}",20,0,31.94375238779188,"{0: 20, 1: 0, 2: 0, 3: 0, 4: 0}",0
653,False,"{'a': 0.0014118289149009989, 'e': 0.0014118289149009989}",25,14,20.70057900319002,"{0: 11, 1: 0, 2: 0, 3: 0, 4: 0}",1
654,False,"{'a': 0.001397710625751989, 'e': 0.001397710625751989}",20,0,24.265817933677035,"{0: 20, 1: 0, 2: 0, 3: 0, 4: 0}",1
655,False,"{'a': 0.001383733519494469, 'e': 0.001383733519494469}",25,17,14.983107909170384,"{0: 8, 1: 0, 2: 0, 3: 0, 4: 0}",1
656,False,"{'a': 0.0013698961842995242, 'e': 0.0013698961842995242}",20,0,31.9856709034083,"{0: 20, 1: 0, 2: 0, 3: 0, 4: 0}",0
657,False,"{'a': 0.001356197222456529, 'e': 0.001356197222456529}",20,6,24.273339961136653,"{0: 14, 1: 0, 2: 0, 3: 0, 4: 0}",1
658,False,"{'a': 0.0013426352502319636, 'e': 0.0013426352502319636}",20,12,14.449124220024116,"{0: 8, 1: 0, 2: 0, 3: 0, 4: 0}",1
659,False,"{'a': 0.001329208897729644, 'e': 0.001329208897729644}",25,14,19.644052231296524,"{0: 11, 1: 0, 2: 0, 3: 0, 4: 0}",1
660,False,"{'a': 0.0013159168087523475, 'e': 0.0013159168087523475}",25,9,26.964300276801428,"{0: 16, 1: 0, 2: 0, 3: 0, 4: 0}",1
661,False,"{'a': 0.0013027576406648242, 'e': 0.0013027576406648242}",20,2,31.2263994847955,"{0: 18, 1: 0, 2: 0, 3: 0, 4: 0}",1
662,False,"{'a': 0.0012897300642581758, 'e': 0.0012897300642581758}",25,3,32.57824010794119,"{0: 22, 1: 0, 2: 0, 3: 0, 4: 0}",1
663,False,"{'a': 0.001276832763615594, 'e': 0.001276832763615594}",20,4,23.01779020067299,"{0: 16, 1: 0, 2: 0, 3: 0, 4: 0}",1
664,False,"{'a': 0.0012640644359794382, 'e': 0.0012640644359794382}",20,0,27.3750739133994,"{0: 20, 1: 0, 2: 0, 3: 0, 4: 0}",0
665,False,"{'a': 0.0012514237916196437, 'e': 0.0012514237916196437}",20,10,20.70645704985693,"{0: 10, 1: 0, 2: 0, 3: 0, 4: 0}",1
666,False,"{'a': 0.0012389095537034473, 'e': 0.0012389095537034473}",25,9,30.290666359641392,"{0: 16, 1: 0, 2: 0, 3: 0, 4: 0}",1
667,False,"{'a': 0.0012265204581664128, 'e': 0.0012265204581664128}",20,4,18.751970097424604,"{0: 15, 1: 0, 2: 1, 3: 0, 4: 0}",1
668,False,"{'a': 0.0012142552535847487, 'e': 0.0012142552535847487}",20,0,35.83818336637882,"{0: 20, 1: 0, 2: 0, 3: 0, 4: 0}",0
669,False,"{'a': 0.0012021127010489012, 'e': 0.0012021127010489012}",30,8,36.83172709381569,"{0: 22, 1: 0, 2: 0, 3: 0, 4: 0}",1
670,False,"{'a': 0.0011900915740384122, 'e': 0.0011900915740384122}",25,3,39.73521101819169,"{0: 22, 1: 0, 2: 0, 3: 0, 4: 0}",1
671,False,"{'a': 0.001178190658298028, 'e': 0.001178190658298028}",20,9,12.747454668069823,"{0: 10, 1: 1, 2: 0, 3: 0, 4: 0}",1
672,False,"{'a': 0.0011664087517150477, 'e': 0.0011664087517150477}",30,16,25.179060631941166,"{0: 14, 1: 0, 2: 0, 3: 0, 4: 0}",1
673,False,"{'a': 0.0011547446641978973, 'e': 0.0011547446641978973}",25,0,41.9501404771632,"{0: 25, 1: 0, 2: 0, 3: 0, 4: 0}",0
674,False,"{'a': 0.0011431972175559183, 'e': 0.0011431972175559183}",20,9,19.642570215957967,"{0: 11, 1: 0, 2: 0, 3: 0, 4: 0}",1
675,False,"{'a': 0.0011317652453803591, 'e': 0.0011317652453803591}",25,17,15.152703653198646,"{0: 8, 1: 0, 2: 0, 3: 0, 4: 0}",1
676,False,"{'a': 0.0011204475929265554, 'e': 0.0011204475929265554}",30,1,42.268600716921554,"{0: 29, 1: 0, 2: 0, 3: 0, 4: 0}",1
677,False,"{'a': 0.0011092431169972899, 'e': 0.0011092431169972899}",20,8,20.647310702257474,"{0: 12, 1: 0, 2: 0, 3: 0, 4: 0}",1
678,False,"{'a': 0.001098150685827317, 'e': 0.001098150685827317}",35,26,15.419158218900026,"{0: 9, 1: 0, 2: 0, 3: 0, 4: 0}",1
679,False,"{'a': 0.0010871691789690438, 'e': 0.0010871691789690438}",30,21,17.51774053267739,"{0: 9, 1: 0, 2: 0, 3: 0, 4: 0}",1
680,False,"{'a': 0.0010762974871793534, 'e': 0.0010762974871793534}",20,16,6.382400313002021,"{0: 4, 1: 0, 2: 0, 3: 0, 4: 0}",1
681,False,"{'a': 0.0010655345123075598, 'e': 0.0010655345123075598}",25,5,36.71075275699795,"{0: 20, 1: 0, 2: 0, 3: 0, 4: 0}",1
682,False,"{'a': 0.0010548791671844842, 'e': 0.0010548791671844842}",25,16,13.973301224691227,"{0: 9, 1: 0, 2: 0, 3: 0, 4: 0}",1
683,False,"{'a': 0.0010443303755126394, 'e': 0.0010443303755126394}",35,0,48.74387405253144,"{0: 35, 1: 0, 2: 0, 3: 0, 4: 0}",0
684,False,"{'a': 0.001033887071757513, 'e': 0.001033887071757513}",20,0,27.89214224111092,"{0: 20, 1: 0, 2: 0, 3: 0, 4: 0}",0
685,False,"{'a': 0.0010235482010399377, 'e': 0.0010235482010399377}",25,17,14.267016090368731,"{0: 8, 1: 0, 2: 0, 3: 0, 4: 0}",1
686,False,"{'a': 0.0010133127190295385, 'e': 0.0010133127190295385}",20,6,14.199512907476812,"{0: 13, 1: 1, 2: 0, 3: 0, 4: 0}",1
687,False,"{'a': 0.001003179591839243, 'e': 0.001003179591839243}",25,13,22.573929984818076,"{0: 12, 1: 0, 2: 0, 3: 0, 4: 0}",1
688,False,"{'a': 0.0009931477959208507, 'e': 0.0009931477959208507}",25,16,15.302995188557853,"{0: 9, 1: 0, 2: 0, 3: 0, 4: 0}",1
689,False,"{'a': 0.0009832163179616421, 'e': 0.0009832163179616421}",25,16,16.99592578206523,"{0: 9, 1: 0, 2: 0, 3: 0, 4: 0}",1
690,False,"{'a': 0.0009733841547820256, 'e': 0.0009733841547820256}",20,2,28.817573328071166,"{0: 18, 1: 0, 2: 0, 3: 0, 4: 0}",1
691,False,"{'a': 0.0009636503132342054, 'e': 0.0009636503132342054}",30,7,37.91360341406529,"{0: 23, 1: 0, 2: 0, 3: 0, 4: 0}",1
692,False,"{'a': 0.0009540138101018634, 'e': 0.0009540138101018634}",20,5,26.77248251420772,"{0: 15, 1: 0, 2: 0, 3: 0, 4: 0}",1
693,False,"{'a': 0.0009444736720008447, 'e': 0.0009444736720008447}",30,18,23.52798306297004,"{0: 12, 1: 0, 2: 0, 3: 0, 4: 0}",1
694,False,"{'a': 0.0009350289352808363, 'e': 0.0009350289352808363}",20,0,27.494202860658653,"{0: 20, 1: 0, 2: 0, 3: 0, 4: 0}",0
695,False,"{'a': 0.0009256786459280278, 'e': 0.0009256786459280278}",25,13,24.030525381032668,"{0: 12, 1: 0, 2: 0, 3: 0, 4: 0}",1
696,False,"{'a': 0.0009164218594687476, 'e': 0.0009164218594687476}",25,14,21.89336750313868,"{0: 11, 1: 0, 2: 0, 3: 0, 4: 0}",1
697,False,"{'a': 0.0009072576408740601, 'e': 0.0009072576408740601}",20,0,26.346969554769572,"{0: 20, 1: 0, 2: 0, 3: 0, 4: 0}",0
698,False,"{'a': 0.0008981850644653195, 'e': 0.0008981850644653195}",20,8,17.34740926395784,"{0: 12, 1: 0, 2: 0, 3: 0, 4: 0}",1
699,False,"{'a': 0.0008892032138206663, 'e': 0.0008892032138206663}",30,11,34.508677434571496,"{0: 19, 1: 0, 2: 0, 3: 0, 4: 0}",1
700,False,"{'a': 0.0008803111816824596, 'e': 0.0008803111816824596}",25,1,37.07273523728445,"{0: 24, 1: 0, 2: 0, 3: 0, 4: 0}",1
701,False,"{'a': 0.000871508069865635, 'e': 0.000871508069865635}",20,13,9.739210358542874,"{0: 7, 1: 0, 2: 0, 3: 0, 4: 0}",1
702,False,"{'a': 0.0008627929891669787, 'e': 0.0008627929891669787}",20,2,33.68551283726765,"{0: 18, 1: 0, 2: 0, 3: 0, 4: 0}",1
703,False,"{'a': 0.0008541650592753089, 'e': 0.0008541650592753089}",20,8,20.813264450516762,"{0: 12, 1: 0, 2: 0, 3: 0, 4: 0}",1
704,False,"{'a': 0.0008456234086825558, 'e': 0.0008456234086825558}",30,15,-16.32772388294398,"{0: 14, 1: 0, 2: 0, 3: 0, 4: 1}",1
705,False,"{'a': 0.0008371671745957302, 'e': 0.0008371671745957302}",20,0,33.741537401768866,"{0: 20, 1: 0, 2: 0, 3: 0, 4: 0}",0
706,False,"{'a': 0.0008287955028497729, 'e': 0.0008287955028497729}",20,6,25.864116606847226,"{0: 14, 1: 0, 2: 0, 3: 0, 4: 0}",1
707,False,"{'a': 0.0008205075478212752, 'e': 0.0008205075478212752}",20,6,30.99320568562695,"{0: 14, 1: 0, 2: 0, 3: 0, 4: 0}",1
708,False,"{'a': 0.0008123024723430624, 'e': 0.0008123024723430624}",25,6,32.137079798950865,"{0: 19, 1: 0, 2: 0, 3: 0, 4: 0}",1
709,False,"{'a': 0.0008041794476196318, 'e': 0.0008041794476196318}",20,12,13.17793187726435,"{0: 8, 1: 0, 2: 0, 3: 0, 4: 0}",1
710,False,"{'a': 0.0007961376531434354, 'e': 0.0007961376531434354}",30,5,39.04500202805314,"{0: 25, 1: 0, 2: 0, 3: 0, 4: 0}",1
711,False,"{'a': 0.0007881762766120011, 'e': 0.0007881762766120011}",20,14,10.201413938197835,"{0: 6, 1: 0, 2: 0, 3: 0, 4: 0}",1
712,False,"{'a': 0.000780294513845881, 'e': 0.000780294513845881}",20,16,7.228550518589606,"{0: 4, 1: 0, 2: 0, 3: 0, 4: 0}",1
713,False,"{'a': 0.0007724915687074222, 'e': 0.0007724915687074222}",20,9,19.687541379216526,"{0: 11, 1: 0, 2: 0, 3: 0, 4: 0}",1
714,False,"{'a': 0.000764766653020348, 'e': 0.000764766653020348}",25,15,18.70191426826193,"{0: 10, 1: 0, 2: 0, 3: 0, 4: 0}",1
715,False,"{'a': 0.0007571189864901445, 'e': 0.0007571189864901445}",30,16,25.182152334902895,"{0: 14, 1: 0, 2: 0, 3: 0, 4: 0}",1
716,False,"{'a': 0.000749547796625243, 'e': 0.000749547796625243}",30,20,19.68893160773069,"{0: 10, 1: 0, 2: 0, 3: 0, 4: 0}",1
717,False,"{'a': 0.0007420523186589907, 'e': 0.0007420523186589907}",20,7,22.20515640217124,"{0: 13, 1: 0, 2: 0, 3: 0, 4: 0}",1
718,False,"{'a': 0.0007346317954724008, 'e': 0.0007346317954724008}",20,15,10.897866259218658,"{0: 5, 1: 0, 2: 0, 3: 0, 4: 0}",1
719,False,"{'a': 0.0007272854775176767, 'e': 0.0007272854775176767}",30,18,24.457037012872355,"{0: 12, 1: 0, 2: 0, 3: 0, 4: 0}",1
720,False,"{'a': 0.0007200126227424999, 'e': 0.0007200126227424999}",30,12,30.742942306640526,"{0: 18, 1: 0, 2: 0, 3: 0, 4: 0}",1
721,False,"{'a': 0.0007128124965150749, 'e': 0.0007128124965150749}",20,9,19.89099692292079,"{0: 11, 1: 0, 2: 0, 3: 0, 4: 0}",1
1,True,"{'a': 0, 'e': 0}",20,11,17.403576841788546,"{0: 9, 1: 0, 2: 0, 3: 0, 4: 0}",1
2,True,"{'a': 0, 'e': 0}",20,7,25.277087715737636,"{0: 13, 1: 0, 2: 0, 3: 0, 4: 0}",1
3,True,"{'a': 0, 'e': 0}",20,8,28.671992706649736,"{0: 12, 1: 0, 2: 0, 3: 0, 4: 0}",1
4,True,"{'a': 0, 'e': 0}",20,3,34.03151270372425,"{0: 17, 1: 0, 2: 0, 3: 0, 4: 0}",1
5,True,"{'a': 0, 'e': 0}",20,15,9.807182662762964,"{0: 5, 1: 0, 2: 0, 3: 0, 4: 0}",1
6,True,"{'a': 0, 'e': 0}",20,2,28.99397066132977,"{0: 18, 1: 0, 2: 0, 3: 0, 4: 0}",1
7,True,"{'a': 0, 'e': 0}",20,1,29.302813561651373,"{0: 19, 1: 0, 2: 0, 3: 0, 4: 0}",1
8,True,"{'a': 0, 'e': 0}",20,10,19.781221614635996,"{0: 10, 1: 0, 2: 0, 3: 0, 4: 0}",1
9,True,"{'a': 0, 'e': 0}",20,9,19.319766415514774,"{0: 11, 1: 0, 2: 0, 3: 0, 4: 0}",1
10,True,"{'a': 0, 'e': 0}",25,5,33.279483341776405,"{0: 20, 1: 0, 2: 0, 3: 0, 4: 0}",1
11,True,"{'a': 0, 'e': 0}",30,24,10.246658252106062,"{0: 6, 1: 0, 2: 0, 3: 0, 4: 0}",1
12,True,"{'a': 0, 'e': 0}",20,0,28.610243648031616,"{0: 20, 1: 0, 2: 0, 3: 0, 4: 0}",1
13,True,"{'a': 0, 'e': 0}",20,3,27.770561536818796,"{0: 17, 1: 0, 2: 0, 3: 0, 4: 0}",1
14,True,"{'a': 0, 'e': 0}",20,8,18.16340852168961,"{0: 12, 1: 0, 2: 0, 3: 0, 4: 0}",1
15,True,"{'a': 0, 'e': 0}",20,0,35.99530049067416,"{0: 20, 1: 0, 2: 0, 3: 0, 4: 0}",0
16,True,"{'a': 0, 'e': 0}",25,13,22.624660502873894,"{0: 12, 1: 0, 2: 0, 3: 0, 4: 0}",1
17,True,"{'a': 0, 'e': 0}",25,9,26.75261897180864,"{0: 16, 1: 0, 2: 0, 3: 0, 4: 0}",1
18,True,"{'a': 0, 'e': 0}",20,1,28.20884703675318,"{0: 19, 1: 0, 2: 0, 3: 0, 4: 0}",1
19,True,"{'a': 0, 'e': 0}",20,8,23.433188348452678,"{0: 12, 1: 0, 2: 0, 3: 0, 4: 0}",1
20,True,"{'a': 0, 'e': 0}",30,11,33.802089382390335,"{0: 19, 1: 0, 2: 0, 3: 0, 4: 0}",1
21,True,"{'a': 0, 'e': 0}",25,20,9.13841031025744,"{0: 5, 1: 0, 2: 0, 3: 0, 4: 0}",1
22,True,"{'a': 0, 'e': 0}",20,13,13.17724902807489,"{0: 7, 1: 0, 2: 0, 3: 0, 4: 0}",1
23,True,"{'a': 0, 'e': 0}",20,6,22.933642819029807,"{0: 14, 1: 0, 2: 0, 3: 0, 4: 0}",1
24,True,"{'a': 0, 'e': 0}",20,13,12.986855955697555,"{0: 7, 1: 0, 2: 0, 3: 0, 4: 0}",1
25,True,"{'a': 0, 'e': 0}",25,0,36.344666971363026,"{0: 25, 1: 0, 2: 0, 3: 0, 4: 0}",0
26,True,"{'a': 0, 'e': 0}",25,6,34.120964125718196,"{0: 19, 1: 0, 2: 0, 3: 0, 4: 0}",1
27,True,"{'a': 0, 'e': 0}",20,0,29.151072000675427,"{0: 20, 1: 0, 2: 0, 3: 0, 4: 0}",1
28,True,"{'a': 0, 'e': 0}",20,11,16.12169096058272,"{0: 9, 1: 0, 2: 0, 3: 0, 4: 0}",1
29,True,"{'a': 0, 'e': 0}",20,12,15.856211703474765,"{0: 8, 1: 0, 2: 0, 3: 0, 4: 0}",1
30,True,"{'a': 0, 'e': 0}",20,9,20.83235579116738,"{0: 11, 1: 0, 2: 0, 3: 0, 4: 0}",1
31,True,"{'a': 0, 'e': 0}",20,2,30.57520875317728,"{0: 18, 1: 0, 2: 0, 3: 0, 4: 0}",1
32,True,"{'a': 0, 'e': 0}",25,14,19.170991185101126,"{0: 11, 1: 0, 2: 0, 3: 0, 4: 0}",1
33,True,"{'a': 0, 'e': 0}",20,13,12.721343667102367,"{0: 7, 1: 0, 2: 0, 3: 0, 4: 0}",1
34,True,"{'a': 0, 'e': 0}",20,10,18.418485287153707,"{0: 10, 1: 0, 2: 0, 3: 0, 4: 0}",1
35,True,"{'a': 0, 'e': 0}",25,9,29.40671358545752,"{0: 16, 1: 0, 2: 0, 3: 0, 4: 0}",1
36,True,"{'a': 0, 'e': 0}",25,16,14.577528722442379,"{0: 9, 1: 0, 2: 0, 3: 0, 4: 0}",1
37,True,"{'a': 0, 'e': 0}",25,7,29.24772561875938,"{0: 18, 1: 0, 2: 0, 3: 0, 4: 0}",1
38,True,"{'a': 0, 'e': 0}",25,11,25.640569079505408,"{0: 14, 1: 0, 2: 0, 3: 0, 4: 0}",1
39,True,"{'a': 0, 'e': 0}",20,14,12.851670983889502,"{0: 6, 1: 0, 2: 0, 3: 0, 4: 0}",1
40,True,"{'a': 0, 'e': 0}",20,0,26.0497712958949,"{0: 20, 1: 0, 2: 0, 3: 0, 4: 0}",0
41,True,"{'a': 0, 'e': 0}",35,13,36.22949955663696,"{0: 22, 1: 0, 2: 0, 3: 0, 4: 0}",1
42,True,"{'a': 0, 'e': 0}",35,15,37.5211075787184,"{0: 20, 1: 0, 2: 0, 3: 0, 4: 0}",1
43,True,"{'a': 0, 'e': 0}",35,12,36.83597766565164,"{0: 23, 1: 0, 2: 0, 3: 0, 4: 0}",1
44,True,"{'a': 0, 'e': 0}",25,11,27.635343645478837,"{0: 14, 1: 0, 2: 0, 3: 0, 4: 0}",1
45,True,"{'a': 0, 'e': 0}",20,9,21.95852034808075,"{0: 11, 1: 0, 2: 0, 3: 0, 4: 0}",1
46,True,"{'a': 0, 'e': 0}",25,16,19.035964152899485,"{0: 9, 1: 0, 2: 0, 3: 0, 4: 0}",1
47,True,"{'a': 0, 'e': 0}",30,18,21.375497964554956,"{0: 12, 1: 0, 2: 0, 3: 0, 4: 0}",1
48,True,"{'a': 0, 'e': 0}",30,17,26.089551048027126,"{0: 13, 1: 0, 2: 0, 3: 0, 4: 0}",1
49,True,"{'a': 0, 'e': 0}",20,12,15.749298267237997,"{0: 8, 1: 0, 2: 0, 3: 0, 4: 0}",1
50,True,"{'a': 0, 'e': 0}",20,10,19.594642663543507,"{0: 10, 1: 0, 2: 0, 3: 0, 4: 0}",1
